コンピュータ入門,１年次,前期,牧野博之(マキノヒロシ),1AAB01A0
テクニカルライティング,１年次,後期,光田憲朗(ミツダケンロウ),1AAB05A0
テクニカルライティング,１年次,後期,荒木英夫(アラキヒデオ),1AAB05B0
ディジタル回路,１年次,後期,牧野博之(マキノヒロシ),1AAB07A0
アセンブリ言語,２年次,後期,布村泰浩(ヌノムラヤスヒロ),1AAB18A0
アセンブリ言語,２年次,後期,平岡一剛(ヒラオカカズタケ),1AAB18B0
組み込みシステム基礎,２年次,前期,小松信雄(コマツノブオ),1AAB23A0
アセンブリ言語,２年次,後期,平岡一剛(ヒラオカカズタケ),1AAD10B0
組み込みシステム基礎,１年次,前期,小松信雄(コマツノブオ),1AAG10A0
情報技術者論,３年次,後期,尾崎敦夫(オザキアツオ),1AAG14A0
Ｃ演習Ⅰ,１年次,後期,水谷泰治(ミズタニヤスハル),1AAH03A0
コンピュータ科学基礎演習,３年次,前期,小谷直樹(コタニナオキ),1AAH07A0
コンピュータ科学専門演習,３年次,後期,鎌倉良成(カマクラヨシナリ),1AAH08A0
情報ゼミナール,３年次,後期,鎌倉良成(カマクラヨシナリ),1AAK01A0
計算機アーキテクチャ,２年次,前期,中西知嘉子(ナカニシチカコ),1AAL02A0
オペレーティングシステム,２年次,後期,西口敏司(ニシグチサトシ),1AAL07A0
情報技術者論,２年次,後期,神田智子(コウダトモコ),1AAL27A0
Ｃ演習Ⅰ,１年次,後期,水谷泰治(ミズタニヤスハル),1AAN03A0
情報科学演習Ⅰ,２年次,後期,牧野博之(マキノヒロシ),1AAN07A0
情報科学演習Ⅱ,３年次,前期,奥野弘嗣(オクノヒロツグ),1AAN08A0
情報科学演習Ⅲ,３年次,後期,鎌倉良成(カマクラヨシナリ),1AAN09A0
線形数学Ⅰ,１年次,前期,平嶋洋一(ヒラシマヨウイチ),1ABA01A0
線形数学Ⅰ,１年次,前期,尾形尚子(オガタナオコ),1ABA01B0
線形数学Ⅰ,１年次,後期,尾形尚子(オガタナオコ),1ABA01C0
微積分学Ⅰ,１年次,前期,真貝寿明(シンカイヒサアキ),1ABA03A0
微積分学Ⅰ,１年次,前期,齋藤洋介(サイトウヨウスケ),1ABA03B0
微積分学Ⅰ,１年次,後期,尾形尚子(オガタナオコ),1ABA03C0
情報数学,２年次,後期,地嵜頌子(チサキショウコ),1ABA05A0
グラフ理論,２年次,前期,地嵜頌子(チサキショウコ),1ABA08A0
情報通信ネットワーク,２年次,前期,樫原茂(カシハラシゲル),1ABB02A0
オートマトンと形式言語,３年次,前期,布村泰浩(ヌノムラヤスヒロ),1ABB04A0
データ構造とアルゴリズムⅠ,２年次,前期,小西将人(コニシマサヒト),1ABB13A0
ソフトウェア工学Ⅰ,２年次,後期,尾花将輝(オバナマサキ),1ABB21A0
プロセッサ設計,３年次,前期,小西将人(コニシマサヒト),1ABC04A0
情報セキュリティ,３年次,前期,酒澤茂之(サカザワシゲユキ),1ABC06A0
集積回路工学,３年次,前期,牧野博之(マキノヒロシ),1ABC07A0
プログラミング言語論,３年次,前期,布村泰浩(ヌノムラヤスヒロ),1ABD09A0
ソフトウェア工学Ⅱ,３年次,前期,井垣宏(イガキヒロシ),1ABD14A0
ソフトウェア工学演習,３年次,前期,福島拓(フクシマタク),1ABH06A0
オートマトンと形式言語,３年次,前期,布村泰浩(ヌノムラヤスヒロ),1ABL01A0
プロセッサ設計,３年次,前期,小西将人(コニシマサヒト),1ABL03A0
集積回路工学,３年次,前期,牧野博之(マキノヒロシ),1ABL04A0
データベースシステム,２年次,後期,深海悟(フカミサトル),1ABL09A0
ソフトウェア工学Ⅱ,３年次,前期,井垣宏(イガキヒロシ),1ABL11A0
情報セキュリティの基礎,３年次,前期,酒澤茂之(サカザワシゲユキ),1ABL32A0
Ｃ演習Ⅱ,２年次,前期,水谷泰治(ミズタニヤスハル),1ABN04A0
Java演習,２年次,後期,安留誠吾(ヤストメセイゴ),1ABN05A0
ソフトウェア工学演習,３年次,前期,奥野弘嗣(オクノヒロツグ),1ABN06A0
微積分学Ⅱ,３年次,後期,鎌倉良成(カマクラヨシナリ),1ACA04A0
周波数解析,２年次,前期,鎌倉良成(カマクラヨシナリ),1ACA06A0
微分方程式,１年次,後期,平博順(タイラヒロトシ),1ACA07A0
微分方程式,１年次,後期,奥野弘嗣(オクノヒロツグ),1ACA07B0
数値計算演習,３年次,前期,神納貴生(ジンノウタカオ),1ACA10A0
プログラミング基礎,１年次,後期,布村泰浩(ヌノムラヤスヒロ),1ACB03A0
情報処理基礎,１年次,後期集中,安留誠吾(ヤストメセイゴ),1ACB08A0
プログラミング入門,１年次,前期,中西知嘉子(ナカニシチカコ),1ACB10A0
プログラミング入門,１年次,前期,布村泰浩(ヌノムラヤスヒロ),1ACB10B0
コンピュータリテラシー,１年次,前期,平岡一剛(ヒラオカカズタケ),1ACB26A0
コンピュータリテラシー,１年次,前期,平岡一剛(ヒラオカカズタケ),1ACB26B0
ディジタル回路応用,２年次,前期,牧野博之(マキノヒロシ),1ACC05A0
集積回路設計,３年次,後期,牧野博之(マキノヒロシ),1ACC08A0
集積回路設計,３年次,後期,牧野博之(マキノヒロシ),1ACC08B0
データ構造とアルゴリズムⅡ,３年次,前期,中西通雄(ナカニシミチオ),1ACD03A0
システムプログラム,３年次,前期,西口敏司(ニシグチサトシ),1ACD05A0
Unixプログラミング,３年次,後期,中西通雄(ナカニシミチオ),1ACD15A0
コンピュータグラフィックスⅠ,２年次,後期,河合紀彦(カワイノリヒコ),1ACE02A0
コンピュータグラフィックスⅠ,２年次,後期,河合紀彦(カワイノリヒコ),1ACE02B0
画像処理,３年次,後期,神納貴生(ジンノウタカオ),1ACE19A0
信号処理,２年次,後期,神納貴生(ジンノウタカオ),1ACF04A0
キャリアデザインⅠ,２年次,前期,藤井研一(フジイケンイチ),1ACG02A0
ロボット制御,２年次,後期,小松信雄(コマツノブオ),1ACG11A0
ロボット工学基礎,３年次,前期,小松信雄(コマツノブオ),1ACG12A0
コンピュータリテラシー,１年次,前期,平岡一剛(ヒラオカカズタケ),1ACH02A0
コンピュータリテラシー,１年次,前期,平岡一剛(ヒラオカカズタケ),1ACH02B0
ロボット工学演習,３年次,後期,小松信雄(コマツノブオ),1ACH09A0
データ構造とアルゴリズムⅡ,３年次,前期,中西通雄(ナカニシミチオ),1ACL05A0
システムプログラム,２年次,前期,西口敏司(ニシグチサトシ),1ACL06A0
Unixプログラミング,３年次,後期,中西通雄(ナカニシミチオ),1ACL16A0
インターフェース・センサ回路,２年次,前期,荒木英夫(アラキヒデオ),1ACL30A0
知能制御工学基礎,３年次,前期,小松信雄(コマツノブオ),1ACM01A0
集積回路設計,３年次,後期,牧野博之(マキノヒロシ),1ACM04A0
集積回路設計,３年次,後期,牧野博之(マキノヒロシ),1ACM04B0
画像処理,３年次,後期,神納貴生(ジンノウタカオ),1ACM06A0
信号処理,３年次,後期,神納貴生(ジンノウタカオ),1ACM07A0
コンピュータグラフィックスⅠ,３年次,後期,河合紀彦(カワイノリヒコ),1ACM08A0
コンピュータグラフィックスⅠ,３年次,後期,河合紀彦(カワイノリヒコ),1ACM08B0
知能情報処理,３年次,後期,尾崎敦夫(オザキアツオ),1ACM09A0
知能制御工学,３年次,後期,小松信雄(コマツノブオ),1ACM10A0
知能制御工学演習,３年次,後期,小松信雄(コマツノブオ),1ACN10A0
コンピュータ入門,１年次,前期,井垣宏(イガキヒロシ),1BAB01A0
テクニカルライティング,１年次,後期,須永宏(スナガヒロシ),1BAB05B0
計算機アーキテクチャ,２年次,前期,須永宏(スナガヒロシ),1BAB11A0
オペレーティングシステム,２年次,後期,佐野睦夫(サノムツオ),1BAB16A0
計算機アーキテクチャ,２年次,前期,須永宏(スナガヒロシ),1BAC03A0
オペレーティングシステム,２年次,後期,佐野睦夫(サノムツオ),1BAD06A0
データベースシステム,２年次,後期,深海悟(フカミサトル),1BAD11A0
ソフトウェア工学Ⅰ,２年次,後期,須永宏(スナガヒロシ),1BAD13A0
情報技術者論,３年次,後期,尾崎敦夫(オザキアツオ),1BAG14A0
Ｃ演習Ⅰ,１年次,後期,水谷泰治(ミズタニヤスハル),1BAH03A0
情報システム基礎演習,３年次,後期,尾花将輝(オバナマサキ),1BAH07A0
情報システム専門演習,３年次,前期,水谷泰治(ミズタニヤスハル),1BAH08A0
情報ゼミナール,３年次,後期,鎌倉良成(カマクラヨシナリ),1BAK01A0
データベースシステム,２年次,後期,深海悟(フカミサトル),1BAL09A0
ソフトウェア工学Ⅰ,２年次,後期,須永宏(スナガヒロシ),1BAL10A0
情報技術者論,２年次,後期,尾崎敦夫(オザキアツオ),1BAL27A0
Ｃ演習Ⅰ,１年次,後期,水谷泰治(ミズタニヤスハル),1BAN03A0
情報システム基礎演習,２年次,後期,尾花将輝(オバナマサキ),1BAN07A0
情報システム専門演習,３年次,前期,水谷泰治(ミズタニヤスハル),1BAN08A0
線形数学Ⅰ,１年次,前期,鎌倉良成(カマクラヨシナリ),1BBA01A0
線形数学Ⅰ,１年次,前期,尾形尚子(オガタナオコ),1BBA01B0
線形数学Ⅰ,１年次,後期,齋藤洋介(サイトウヨウスケ),1BBA01C0
微積分学Ⅰ,１年次,前期,真貝寿明(シンカイヒサアキ),1BBA03A0
微積分学Ⅰ,１年次,前期,齋藤洋介(サイトウヨウスケ),1BBA03B0
微積分学Ⅰ,１年次,後期,齋藤洋介(サイトウヨウスケ),1BBA03C0
確率・統計,３年次,前期,真貝寿明(シンカイヒサアキ),1BBA11A0
情報通信ネットワーク,２年次,前期,島野顕継(シマノアキツグ),1BBB02A0
オートマトンと形式言語,３年次,前期,布村泰浩(ヌノムラヤスヒロ),1BBB04A0
データ構造とアルゴリズムⅠ,２年次,前期,西口敏司(ニシグチサトシ),1BBB13A0
情報セキュリティ,３年次,前期,山本雄平(ヤマモトユウヘイ),1BBC06A0
データ構造とアルゴリズムⅠ,２年次,前期,西口敏司(ニシグチサトシ),1BBD02A0
プログラミング言語論,３年次,前期,井垣宏(イガキヒロシ),1BBD09A0
ソフトウェア工学Ⅱ,３年次,前期,山田隆亮(ヤマダタカアキ),1BBD14A0
ネットワーク設計,３年次,前期,山内雪路(ヤマウチユキジ),1BBF06A0
情報システムの計画策定,３年次,前期,山田隆亮(ヤマダタカアキ),1BBG16A0
システム工学,２年次,前期,山田隆亮(ヤマダタカアキ),1BBG17A0
Ｃ演習Ⅱ,２年次,前期,水谷泰治(ミズタニヤスハル),1BBH04A0
Java演習,２年次,後期,安留誠吾(ヤストメセイゴ),1BBH05A0
ソフトウェア工学演習,３年次,前期,安留誠吾(ヤストメセイゴ),1BBH06A0
プログラミング言語論,３年次,前期,井垣宏(イガキヒロシ),1BBL08A0
ソフトウェア工学Ⅱ,３年次,前期,山田隆亮(ヤマダタカアキ),1BBL11A0
ネットワーク設計,３年次,前期,山内雪路(ヤマウチユキジ),1BBL19A0
情報システムの計画策定,３年次,前期,山田隆亮(ヤマダタカアキ),1BBL28A0
システム工学,２年次,前期,山田隆亮(ヤマダタカアキ),1BBL31A0
情報セキュリティの基礎,３年次,前期,山本雄平(ヤマモトユウヘイ),1BBL32A0
Ｃ演習Ⅱ,２年次,前期,水谷泰治(ミズタニヤスハル),1BBN04A0
Java演習,２年次,後期,安留誠吾(ヤストメセイゴ),1BBN05A0
ソフトウェア工学演習,３年次,前期,安留誠吾(ヤストメセイゴ),1BBN06A0
情報システム応用演習,３年次,後期,井垣宏(イガキヒロシ),1BBN09A0
線形数学Ⅱ,３年次,後期,齋藤洋介(サイトウヨウスケ),1BCA02A0
微積分学Ⅱ,３年次,後期,鎌倉良成(カマクラヨシナリ),1BCA04A0
周波数解析,２年次,前期,鎌倉良成(カマクラヨシナリ),1BCA06A0
微分方程式,１年次,後期,真貝寿明(シンカイヒサアキ),1BCA07A0
微分方程式,１年次,後期,大島一能(オオシマカズヨシ),1BCA07B0
プログラミング基礎,１年次,後期,斉藤隆(サイトウタカシ),1BCB03A0
ディジタル回路,１年次,後期,鎌倉快之(カマクラヨシユキ),1BCB07A0
情報処理基礎,１年次,後期集中,安留誠吾(ヤストメセイゴ),1BCB08A0
システムプログラム,２年次,前期,西口敏司(ニシグチサトシ),1BCB15A0
アセンブリ言語,２年次,後期,平岡一剛(ヒラオカカズタケ),1BCB18A0
アセンブリ言語,２年次,後期,平岡一剛(ヒラオカカズタケ),1BCB18B0
コンピュータリテラシー,１年次,前期,地嵜頌子(チサキショウコ),1BCB26A0
コンピュータリテラシー,１年次,前期,椎原正次(シイハラマサツグ),1BCB26B0
Ｕｎｉｘシステム入門,２年次,前期,山内建二(ヤマウチケンジ),1BCB27A0
Ｕｎｉｘシステム入門,２年次,前期,本田澄(ホンダキヨシ),1BCB27B0
システムプログラム,３年次,前期,西口敏司(ニシグチサトシ),1BCD05A0
Ｕｎｉｘシステム入門,２年次,前期,山内建二(ヤマウチケンジ),1BCD08A0
Ｕｎｉｘシステム入門,２年次,前期,本田澄(ホンダキヨシ),1BCD08B0
アセンブリ言語,２年次,後期,平岡一剛(ヒラオカカズタケ),1BCD10A0
アセンブリ言語,２年次,後期,平岡一剛(ヒラオカカズタケ),1BCD10B0
情報検索,３年次,後期,深海悟(フカミサトル),1BCD12A0
人工知能,３年次,後期,深海悟(フカミサトル),1BCD15A0
コンピュータグラフィックスⅠ,２年次,後期,宮脇健三郎(ミヤワキケンザブロウ),1BCE02A0
コンピュータグラフィックスⅠ,２年次,後期,宮脇健三郎(ミヤワキケンザブロウ),1BCE02B0
構造化文書処理,３年次,後期,内藤広志(ナイトウヒロシ),1BCE05A0
ヒューマンインタフェース,３年次,前期,神田智子(コウダトモコ),1BCE06A0
通信理論,１年次,前期,塚本勝俊(ツカモトカツトシ),1BCF02A0
信号処理,２年次,後期,神納貴生(ジンノウタカオ),1BCF04A0
アドバンスト　ネットワーキング,３年次,後期,島野顕継(シマノアキツグ),1BCF11A0
オペレーションズ・リサーチ,３年次,前期,椎原正次(シイハラマサツグ),1BCG04A0
情報技術応用システム,３年次,後期,椎原正次(シイハラマサツグ),1BCG05A0
経営システム論,３年次,前期,椎原正次(シイハラマサツグ),1BCG06A0
高信頼システム,４年次,後期,山田隆亮(ヤマダタカアキ),1BCG08A0
モデリングとシミュレーション,３年次,後期,平嶋洋一(ヒラシマヨウイチ),1BCG09A0
Webサービス論,３年次,後期,須永宏(スナガヒロシ),1BCG15A0
コンピュータリテラシー,１年次,前期,地嵜頌子(チサキショウコ),1BCH02A0
コンピュータリテラシー,１年次,前期,椎原正次(シイハラマサツグ),1BCH02B0
データ構造とアルゴリズムⅡ,３年次,前期,安留誠吾(ヤストメセイゴ),1BCL05A0
ヒューマンインタフェース,３年次,前期,神田智子(コウダトモコ),1BCL15A0
オペレーションズ・リサーチ,３年次,前期,椎原正次(シイハラマサツグ),1BCL20A0
経営システム論Ⅰ,３年次,前期,椎原正次(シイハラマサツグ),1BCL33A0
人工知能,３年次,後期,深海悟(フカミサトル),1BCM03A0
コンピュータグラフィックスⅠ,３年次,後期,宮脇健三郎(ミヤワキケンザブロウ),1BCM04A0
コンピュータグラフィックスⅠ,３年次,後期,宮脇健三郎(ミヤワキケンザブロウ),1BCM04B0
構造化文書処理,３年次,後期,内藤広志(ナイトウヒロシ),1BCM16A0
高信頼システム,３年次,後期,山田隆亮(ヤマダタカアキ),1BCM17A0
モデリングとシミュレーション,３年次,後期,平嶋洋一(ヒラシマヨウイチ),1BCM21A0
Webサービス論,３年次,後期,須永宏(スナガヒロシ),1BCM22A0
経営システム論Ⅱ,３年次,後期,椎原正次(シイハラマサツグ),1BCM23A0
情報システム学特別講義,３年次,後期,深海悟(フカミサトル),1BCM24A0
コンピュータ入門,１年次,前期,平山亮(ヒラヤママコト),1CAB01A0
テクニカルライティング,１年次,後期,河合紀彦(カワイノリヒコ),1CAB05A0
テクニカルライティング,１年次,後期,河合紀彦(カワイノリヒコ),1CAB05B0
計算機アーキテクチャ,２年次,前期,橋本渉(ハシモトワタル),1CAB11A0
オペレーティングシステム,２年次,後期,佐野睦夫(サノムツオ),1CAB16A0
計算機アーキテクチャ,２年次,前期,橋本渉(ハシモトワタル),1CAC03A0
オペレーティングシステム,２年次,後期,佐野睦夫(サノムツオ),1CAD06A0
情報メディア入門,１年次,後期,河合紀彦(カワイノリヒコ),1CAE01A0
情報技術者論,３年次,後期,神田智子(コウダトモコ),1CAG14A0
Ｃ演習Ⅰ,１年次,後期,水谷泰治(ミズタニヤスハル),1CAH03A0
情報メディア基礎演習,３年次,後期,神田智子(コウダトモコ),1CAH07A0
情報メディア専門演習,３年次,後期,鈴木基之(スズキモトユキ),1CAH08A0
情報ゼミナール,３年次,後期,鎌倉良成(カマクラヨシナリ),1CAK01A0
情報技術者論,２年次,後期,尾崎敦夫(オザキアツオ),1CAL27A0
情報メディア入門,１年次,後期,佐野睦夫(サノムツオ),1CAN02A0
Ｃ演習Ⅰ,１年次,後期,水谷泰治(ミズタニヤスハル),1CAN03A0
情報メディア演習Ⅰ,２年次,後期,神田智子(コウダトモコ),1CAN07A0
情報メディア演習Ⅱ,３年次,前期,河合紀彦(カワイノリヒコ),1CAN08A0
情報メディア演習Ⅲ,３年次,後期,鈴木基之(スズキモトユキ),1CAN09A0
線形数学Ⅰ,１年次,前期,鎌倉良成(カマクラヨシナリ),1CBA01A0
線形数学Ⅰ,１年次,前期,尾形尚子(オガタナオコ),1CBA01B0
線形数学Ⅰ,１年次,後期,齋藤洋介(サイトウヨウスケ),1CBA01C0
微積分学Ⅰ,１年次,前期,真貝寿明(シンカイヒサアキ),1CBA03A0
微積分学Ⅰ,１年次,前期,齋藤洋介(サイトウヨウスケ),1CBA03B0
微積分学Ⅰ,１年次,後期,尾形尚子(オガタナオコ),1CBA03C0
情報数学,２年次,後期,地嵜頌子(チサキショウコ),1CBA05A0
グラフ理論,２年次,前期,平博順(タイラヒロトシ),1CBA08A0
確率・統計,３年次,前期,平嶋洋一(ヒラシマヨウイチ),1CBA11A0
オートマトンと形式言語,３年次,前期,尾崎敦夫(オザキアツオ),1CBB04A0
情報セキュリティの基礎,３年次,前期,福澤寧子(フクザワヤスコ),1CBB12A0
データ構造とアルゴリズムⅠ,２年次,前期,小西将人(コニシマサヒト),1CBB13A0
データベースシステム,２年次,後期,水谷泰治(ミズタニヤスハル),1CBB20A0
ソフトウェア工学Ⅰ,２年次,後期,尾花将輝(オバナマサキ),1CBB21A0
ソフトウェア工学Ⅱ,３年次,前期,井垣宏(イガキヒロシ),1CBB22A0
情報セキュリティ,３年次,前期,福澤寧子(フクザワヤスコ),1CBC06A0
データ構造とアルゴリズムⅠ,２年次,前期,小西将人(コニシマサヒト),1CBD02A0
プログラミング言語論,３年次,後期,井垣宏(イガキヒロシ),1CBD09A0
データベースシステム,２年次,後期,水谷泰治(ミズタニヤスハル),1CBD11A0
ソフトウェア工学Ⅰ,２年次,後期,尾花将輝(オバナマサキ),1CBD13A0
ソフトウェア工学Ⅱ,３年次,前期,井垣宏(イガキヒロシ),1CBD14A0
コンピュータグラフィックスⅠ,２年次,前期,小堀研一(コボリケンイチ),1CBE02A0
コンピュータグラフィックスⅠ,２年次,前期,小堀研一(コボリケンイチ),1CBE02B0
画像情報処理Ⅰ,２年次,後期,村木祐太(ムラキユウタ),1CBE07A0
音響処理,２年次,前期,鈴木基之(スズキモトユキ),1CBE10A0
Ｃ演習Ⅱ,２年次,前期,水谷泰治(ミズタニヤスハル),1CBH04A0
Java演習,２年次,後期,安留誠吾(ヤストメセイゴ),1CBH05A0
ソフトウェア工学演習,３年次,前期,福島拓(フクシマタク),1CBH06A0
コンピュータグラフィックスⅠ,２年次,前期,小堀研一(コボリケンイチ),1CBL13A0
コンピュータグラフィックスⅠ,２年次,前期,小堀研一(コボリケンイチ),1CBL13B0
画像情報処理Ⅰ,２年次,後期,村木祐太(ムラキユウタ),1CBL21A0
音響処理,２年次,前期,鈴木基之(スズキモトユキ),1CBL22A0
Ｃ演習Ⅱ,２年次,前期,水谷泰治(ミズタニヤスハル),1CBN04A0
Java演習,２年次,後期,安留誠吾(ヤストメセイゴ),1CBN05A0
ソフトウェア工学演習,３年次,前期,福島拓(フクシマタク),1CBN06A0
線形数学Ⅱ,３年次,後期,鎌倉良成(カマクラヨシナリ),1CCA02A0
微積分学Ⅱ,３年次,後期,尾形尚子(オガタナオコ),1CCA04A0
周波数解析,２年次,前期,鎌倉良成(カマクラヨシナリ),1CCA06A0
微分方程式,１年次,後期,平博順(タイラヒロトシ),1CCA07A0
微分方程式,１年次,後期,奥野弘嗣(オクノヒロツグ),1CCA07B0
数理計画法,３年次,後期,椎原正次(シイハラマサツグ),1CCA09A0
プログラミング基礎,１年次,後期,水谷泰治(ミズタニヤスハル),1CCB03A0
情報処理基礎,１年次,後期集中,安留誠吾(ヤストメセイゴ),1CCB08A0
プログラミング入門,１年次,前期,鈴木基之(スズキモトユキ),1CCB10A0
データ構造とアルゴリズムⅡ,３年次,前期,中西通雄(ナカニシミチオ),1CCB14A0
システムプログラム,２年次,前期,西口敏司(ニシグチサトシ),1CCB15A0
アセンブリ言語,３年次,後期,平山亮(ヒラヤママコト),1CCB18A0
アセンブリ言語,３年次,後期,平岡一剛(ヒラオカカズタケ),1CCB18B0
コンピュータリテラシー,１年次,前期,山内建二(ヤマウチケンジ),1CCB26A0
コンピュータリテラシー,１年次,前期,山内建二(ヤマウチケンジ),1CCB26B0
データ構造とアルゴリズムⅡ,３年次,前期,中西通雄(ナカニシミチオ),1CCD03A0
メディアデータ論,２年次,後期,橋本渉(ハシモトワタル),1CCD04A0
システムプログラム,３年次,前期,西口敏司(ニシグチサトシ),1CCD05A0
アセンブリ言語,２年次,後期,平山亮(ヒラヤママコト),1CCD10A0
アセンブリ言語,２年次,後期,平岡一剛(ヒラオカカズタケ),1CCD10B0
コンピュータグラフィックスⅡ,３年次,後期,河合紀彦(カワイノリヒコ),1CCE03A0
人間情報学,２年次,前期,福島拓(フクシマタク),1CCE04A0
構造化文書処理,３年次,後期,内藤広志(ナイトウヒロシ),1CCE05A0
ヒューマンインタフェース,３年次,前期,神田智子(コウダトモコ),1CCE06A0
画像情報処理Ⅱ,３年次,前期,佐野睦夫(サノムツオ),1CCE08A0
ＣＡＤ,３年次,後期,小堀研一(コボリケンイチ),1CCE09A0
感性情報処理,３年次,後期,神田智子(コウダトモコ),1CCE12A0
映像技術演習,３年次,後期,宮脇健三郎(ミヤワキケンザブロウ),1CCE13A0
色彩学,３年次,後期,能口祥子(ノグチサチコ),1CCE14A0
Webデザイン,３年次,前期,平山亮(ヒラヤママコト),1CCE17A0
Webデザイン,３年次,前期,平山亮(ヒラヤママコト),1CCE17B0
信号処理,２年次,後期,神納貴生(ジンノウタカオ),1CCF04A0
キャリアデザインⅠ,２年次,前期,福島拓(フクシマタク),1CCG02A0
キャリアデザインⅡ,２年次,後期,田岡育恵(タオカイクエ),1CCG03A0
コンピュータリテラシー,１年次,前期,山内建二(ヤマウチケンジ),1CCH02A0
コンピュータリテラシー,１年次,前期,山内建二(ヤマウチケンジ),1CCH02B0
メディアデータ論,１年次,後期,橋本渉(ハシモトワタル),1CCL12A0
人間情報学,２年次,前期,福島拓(フクシマタク),1CCL14A0
ヒューマンインタフェース,３年次,前期,神田智子(コウダトモコ),1CCL15A0
感性情報処理,２年次,後期,神田智子(コウダトモコ),1CCL23A0
コンピュータグラフィックスⅡ,３年次,後期,河合紀彦(カワイノリヒコ),1CCM05A0
構造化文書処理,３年次,後期,内藤広志(ナイトウヒロシ),1CCM16A0
画像情報処理Ⅱ,３年次,前期,佐野睦夫(サノムツオ),1CCM25A0
ＣＡＤ,３年次,後期,小堀研一(コボリケンイチ),1CCM26A0
音声情報処理,３年次,前期,鈴木基之(スズキモトユキ),1CCM27A0
メディアインタフェース,３年次,後期,橋本渉(ハシモトワタル),1CCM28A0
Webデザイン,３年次,前期,平山亮(ヒラヤママコト),1CCM29A0
Webデザイン,３年次,前期,平山亮(ヒラヤママコト),1CCM29B0
アニメーション演習,１年次,前期,宮脇健三郎(ミヤワキケンザブロウ),1CCN01A0
コンピュータ入門,１年次,前期,樫原茂(カシハラシゲル),1DAB01A0
情報通信ネットワーク,２年次,前期,島野顕継(シマノアキツグ),1DAB02A0
テクニカルライティング,１年次,後期,樫原茂(カシハラシゲル),1DAB05A0
テクニカルライティング,１年次,後期,田邉信二(タナベシンジ),1DAB05B0
計算機アーキテクチャ,２年次,前期,大島一能(オオシマカズヨシ),1DAB11A0
オペレーティングシステム,２年次,後期,西口敏司(ニシグチサトシ),1DAB16A0
情報ネットワーク入門【前期前半】,１年次,前期（前半）,樫原茂(カシハラシゲル),1DAB24A0
情報技術者論,３年次,後期,神田智子(コウダトモコ),1DAG14A0
Ｃ演習Ⅰ,１年次,後期,水谷泰治(ミズタニヤスハル),1DAH03A0
情報ネットワーク専門演習,３年次,前期,樫原茂(カシハラシゲル),1DAH08A0
情報ゼミナール,３年次,後期,鎌倉良成(カマクラヨシナリ),1DAK01A0
情報技術者論,２年次,後期,神田智子(コウダトモコ),1DAL27A0
Ｃ演習Ⅰ,１年次,後期,水谷泰治(ミズタニヤスハル),1DAN03A0
情報ネットワーク基礎演習,２年次,後期,酒澤茂之(サカザワシゲユキ),1DAN07A0
情報ネットワーク専門演習,３年次,前期,安留誠吾(ヤストメセイゴ),1DAN08A0
線形数学Ⅰ,１年次,前期,平嶋洋一(ヒラシマヨウイチ),1DBA01A0
線形数学Ⅰ,１年次,前期,尾形尚子(オガタナオコ),1DBA01B0
線形数学Ⅰ,１年次,後期,尾形尚子(オガタナオコ),1DBA01C0
微積分学Ⅰ,１年次,前期,平嶋洋一(ヒラシマヨウイチ),1DBA03A0
微積分学Ⅰ,１年次,前期,齋藤洋介(サイトウヨウスケ),1DBA03B0
微積分学Ⅰ,１年次,後期,齋藤洋介(サイトウヨウスケ),1DBA03C0
情報数学,２年次,後期,地嵜頌子(チサキショウコ),1DBA05A0
グラフ理論,２年次,前期,地嵜頌子(チサキショウコ),1DBA08A0
オートマトンと形式言語,３年次,前期,尾崎敦夫(オザキアツオ),1DBB04A0
データ構造とアルゴリズムⅠ,２年次,前期,西口敏司(ニシグチサトシ),1DBB13A0
データベースシステム,２年次,後期,水谷泰治(ミズタニヤスハル),1DBB20A0
ソフトウェア工学Ⅰ,２年次,後期,安留誠吾(ヤストメセイゴ),1DBB21A0
通信理論,２年次,前期,塚本勝俊(ツカモトカツトシ),1DBB25A0
情報セキュリティの基礎,２年次,後期,福澤寧子(フクザワヤスコ),1DBB31A0
プログラミング言語論,３年次,前期,布村泰浩(ヌノムラヤスヒロ),1DBD09A0
ソフトウェア工学Ⅱ,３年次,前期,山田隆亮(ヤマダタカアキ),1DBD14A0
ネットワークアプリケーション,３年次,後期,酒澤茂之(サカザワシゲユキ),1DBF09A0
ソフトウェア工学演習,３年次,前期,安留誠吾(ヤストメセイゴ),1DBH06A0
ネットワーク設計,２年次,後期,山内雪路(ヤマウチユキジ),1DBL19A0
ネットワークアプリケーション,３年次,後期,酒澤茂之(サカザワシゲユキ),1DBL26A0
オートマトンと形式言語,３年次,前期,尾崎敦夫(オザキアツオ),1DBM11A0
プログラミング言語論,３年次,前期,布村泰浩(ヌノムラヤスヒロ),1DBM14A0
ソフトウェア工学Ⅱ,３年次,前期,山田隆亮(ヤマダタカアキ),1DBM15A0
Ｃ演習Ⅱ,２年次,前期,水谷泰治(ミズタニヤスハル),1DBN04A0
Java演習,２年次,後期,島野顕継(シマノアキツグ),1DBN05A0
ソフトウェア工学演習,３年次,前期,安留誠吾(ヤストメセイゴ),1DBN06A0
線形数学Ⅱ,３年次,後期,鎌倉良成(カマクラヨシナリ),1DCA02A0
微積分学Ⅱ,３年次,後期,尾形尚子(オガタナオコ),1DCA04A0
周波数解析,２年次,前期,鎌倉良成(カマクラヨシナリ),1DCA06A0
微分方程式,１年次,後期,真貝寿明(シンカイヒサアキ),1DCA07A0
微分方程式,１年次,後期,大島一能(オオシマカズヨシ),1DCA07B0
数理計画法,３年次,後期,椎原正次(シイハラマサツグ),1DCA09A0
プログラミング基礎,１年次,後期,水谷泰治(ミズタニヤスハル),1DCB03A0
ディジタル回路,１年次,後期,塚本勝俊(ツカモトカツトシ),1DCB07A0
情報処理基礎,１年次,後期集中,安留誠吾(ヤストメセイゴ),1DCB08A0
Ｕｎｉｘ入門【前期前半】,１年次,前期（前半）,島野顕継(シマノアキツグ),1DCB19A0
コンピュータリテラシー,１年次,前期,豊浦由浩(トヨウラヨシヒロ),1DCB26A0
コンピュータリテラシー,１年次,前期,豊浦由浩(トヨウラヨシヒロ),1DCB26B0
ディジタル信号処理,２年次,前期,大島一能(オオシマカズヨシ),1DCB28A0
プログラミングリテラシー（入門）【前期後半】,１年次,前期（後半）,杉川智(スギカワサトシ),1DCB29A0
プログラミングリテラシー（読解）【後期後半】,１年次,後期（後半）,杉川智(スギカワサトシ),1DCB30A0
データ構造とアルゴリズムⅡ,３年次,前期,安留誠吾(ヤストメセイゴ),1DCD03A0
システムプログラム,３年次,前期,西口敏司(ニシグチサトシ),1DCD05A0
Ｕｎｉｘ入門,１年次,前期,島野顕継(シマノアキツグ),1DCD07A0
構造化文書処理,３年次,後期,酒澤茂之(サカザワシゲユキ),1DCE05A0
ヒューマンインタフェース,３年次,前期,神田智子(コウダトモコ),1DCE06A0
Webサイト制作,２年次,前期,山内雪路(ヤマウチユキジ),1DCF03A0
モバイルコミュニケーション,３年次,前期,塚本勝俊(ツカモトカツトシ),1DCF05A0
サーバ構築管理,３年次,後期,島野顕継(シマノアキツグ),1DCF07A0
光情報通信システム,３年次,後期,塚本勝俊(ツカモトカツトシ),1DCF08A0
メディア通信概論,４年次,後期,塚本勝俊(ツカモトカツトシ),1DCF10A0
アドバンスト　ネットワーキング,３年次,後期,島野顕継(シマノアキツグ),1DCF11A0
キャリアデザインⅠ,２年次,前期,大島一能(オオシマカズヨシ),1DCG02A0
キャリアデザインⅡ,２年次,後期,黒川尚彦(クロカワナオヒコ),1DCG03A0
オペレーションズ・リサーチ,３年次,前期,椎原正次(シイハラマサツグ),1DCG04A0
モデリングとシミュレーション,３年次,後期,平嶋洋一(ヒラシマヨウイチ),1DCG09A0
コンピュータリテラシー,１年次,前期,豊浦由浩(トヨウラヨシヒロ),1DCH02A0
コンピュータリテラシー,１年次,前期,豊浦由浩(トヨウラヨシヒロ),1DCH02B0
Webサイト制作,３年次,前期,山内雪路(ヤマウチユキジ),1DCL17A0
モバイルコミュニケーション,３年次,前期,塚本勝俊(ツカモトカツトシ),1DCL18A0
サーバ構築管理,３年次,後期,島野顕継(シマノアキツグ),1DCL25A0
データ構造とアルゴリズムⅡ,３年次,前期,安留誠吾(ヤストメセイゴ),1DCM12A0
システムプログラム,２年次,前期,西口敏司(ニシグチサトシ),1DCM13A0
ヒューマンインタフェース,３年次,前期,神田智子(コウダトモコ),1DCM18A0
メディア通信概論,３年次,後期,塚本勝俊(ツカモトカツトシ),1DCM19A0
オペレーションズ・リサーチ,３年次,前期,椎原正次(シイハラマサツグ),1DCM20A0
モデリングとシミュレーション,３年次,後期,平嶋洋一(ヒラシマヨウイチ),1DCM21A0
ネットワーク・セキュリティ演習,３年次,後期,島野顕継(シマノアキツグ),1DCN09A0
コンピュータ入門,１年次,前期,牧野博之(マキノヒロシ),1EAB01A0
テクニカルライティング,１年次,後期,荒木英夫(アラキヒデオ),1EAB05B0
ディジタル回路,１年次,後期,牧野博之(マキノヒロシ),1EAB07A0
組み込みシステム基礎,２年次,前期,小松信雄(コマツノブオ),1EAB23A0
計算機アーキテクチャ,２年次,前期,中西知嘉子(ナカニシチカコ),1EAL02A0
オペレーティングシステム,２年次,後期,西口敏司(ニシグチサトシ),1EAL07A0
Ｃ演習Ⅰ,１年次,後期,水谷泰治(ミズタニヤスハル),1EAN03A0
情報科学演習Ⅰ,２年次,後期,牧野博之(マキノヒロシ),1EAN07A0
線形数学Ⅰ,１年次,前期,平嶋洋一(ヒラシマヨウイチ),1EBA01A0
線形数学Ⅰ,１年次,前期,尾形尚子(オガタナオコ),1EBA01B0
線形数学Ⅰ,１年次,後期,尾形尚子(オガタナオコ),1EBA01C0
微積分学Ⅰ,１年次,前期,真貝寿明(シンカイヒサアキ),1EBA03A0
微積分学Ⅰ,１年次,後期,尾形尚子(オガタナオコ),1EBA03C0
情報数学,２年次,後期,地嵜頌子(チサキショウコ),1EBA05A0
グラフ理論,２年次,前期,地嵜頌子(チサキショウコ),1EBA08A0
情報通信ネットワーク,２年次,前期,樫原茂(カシハラシゲル),1EBB02A0
データ構造とアルゴリズムⅠ,２年次,前期,小西将人(コニシマサヒト),1EBB13A0
ソフトウェア工学Ⅰ,２年次,後期,尾花将輝(オバナマサキ),1EBB21A0
データベースシステム,２年次,後期,深海悟(フカミサトル),1EBL09A0
Ｃ演習Ⅱ,２年次,前期,水谷泰治(ミズタニヤスハル),1EBN04A0
Java演習,２年次,後期,安留誠吾(ヤストメセイゴ),1EBN05A0
周波数解析,２年次,前期,鎌倉良成(カマクラヨシナリ),1ECA06A0
微分方程式,１年次,後期,平博順(タイラヒロトシ),1ECA07A0
微分方程式,１年次,後期,奥野弘嗣(オクノヒロツグ),1ECA07B0
プログラミング基礎,１年次,後期,布村泰浩(ヌノムラヤスヒロ),1ECB03A0
情報処理基礎,１年次,後期集中,安留誠吾(ヤストメセイゴ),1ECB08A0
プログラミング入門,１年次,前期,中西知嘉子(ナカニシチカコ),1ECB10A0
プログラミング入門,１年次,前期,布村泰浩(ヌノムラヤスヒロ),1ECB10B0
コンピュータリテラシー,１年次,前期,平岡一剛(ヒラオカカズタケ),1ECB26B0
インターフェース・センサ回路,２年次,前期,荒木英夫(アラキヒデオ),1ECL30A0
コンピュータ入門,１年次,前期,樫原茂(カシハラシゲル),1FAB01A0
情報通信ネットワーク,２年次,前期,島野顕継(シマノアキツグ),1FAB02A0
テクニカルライティング,１年次,後期,田邉信二(タナベシンジ),1FAB05A0
テクニカルライティング,１年次,後期,田邉信二(タナベシンジ),1FAB05B0
計算機アーキテクチャ,２年次,前期,大島一能(オオシマカズヨシ),1FAB11A0
ネットワークデザイン入門【前期前半】,1,塚本　勝俊(ツカモト　カツトシ),酒澤茂之(サカザワシゲユキ),1FAB24A0
Ｃ演習Ⅰ,１年次,後期,水谷泰治(ミズタニヤスハル),1FAN03A0
ネットワークデザイン基礎演習,2,酒澤　茂之(サカザワ　シゲユキ),大島一能(オオシマカズヨシ),1FAN07A0
線形数学Ⅰ,１年次,前期,平嶋洋一(ヒラシマヨウイチ),1FBA01A0
線形数学Ⅰ,１年次,前期,尾形尚子(オガタナオコ),1FBA01B0
線形数学Ⅰ,１年次,後期,尾形尚子(オガタナオコ),1FBA01C0
微積分学Ⅰ,１年次,前期,平嶋洋一(ヒラシマヨウイチ),1FBA03A0
微積分学Ⅰ,１年次,前期,齋藤洋介(サイトウヨウスケ),1FBA03B0
微積分学Ⅰ,１年次,後期,齋藤洋介(サイトウヨウスケ),1FBA03C0
情報数学,２年次,後期,地嵜頌子(チサキショウコ),1FBA05A0
グラフ理論,２年次,前期,地嵜頌子(チサキショウコ),1FBA08A0
データベースシステム,２年次,後期,水谷泰治(ミズタニヤスハル),1FBB20A0
ソフトウェア工学Ⅰ,２年次,後期,安留誠吾(ヤストメセイゴ),1FBB21A0
通信理論,２年次,前期,塚本勝俊(ツカモトカツトシ),1FBB25A0
情報セキュリティの基礎,２年次,後期,福澤寧子(フクザワヤスコ),1FBB31A0
Ｃ演習Ⅱ,２年次,前期,水谷泰治(ミズタニヤスハル),1FBN04A0
Java演習,２年次,後期,樫原茂(カシハラシゲル),1FBN05A0
微分方程式,１年次,後期,真貝寿明(シンカイヒサアキ),1FCA07A0
微分方程式,１年次,後期,大島一能(オオシマカズヨシ),1FCA07B0
ディジタル回路,１年次,後期,塚本勝俊(ツカモトカツトシ),1FCB07A0
情報処理基礎,１年次,後期集中,安留誠吾(ヤストメセイゴ),1FCB08A0
Ｕｎｉｘ入門【前期前半】,１年次,前期（前半）,島野顕継(シマノアキツグ),1FCB19A0
コンピュータリテラシー,１年次,前期,豊浦由浩(トヨウラヨシヒロ),1FCB26A0
コンピュータリテラシー,１年次,前期,豊浦由浩(トヨウラヨシヒロ),1FCB26B0
ディジタル信号処理,２年次,前期,大島一能(オオシマカズヨシ),1FCB28A0
プログラミングリテラシー（入門）【前期後半】,１年次,前期（後半）,杉川智(スギカワサトシ),1FCB29A0
プログラミングリテラシー（読解）【後期後半】,１年次,後期（後半）,杉川智(スギカワサトシ),1FCB30A0
哲学基礎,２年次,前期,雨宮徹(アメミヤトオル),B0B002A0
哲学基礎,２年次,前期,雨宮徹(アメミヤトオル),B0B002B0
情報社会論,２年次,後期,池田知加(イケダトモカ),B0B005A0
情報社会論,２年次,後期,池田知加(イケダトモカ),B0B005B0
応用倫理学,２年次,後期,雨宮徹(アメミヤトオル),B0B010A0
応用倫理学,２年次,後期,雨宮徹(アメミヤトオル),B0B010B0
人類の歴史,１年次,後期,大村拓生(オオムラタクオ),B0B012A0
人類の歴史,１年次,後期,大村拓生(オオムラタクオ),B0B012B0
人類の歴史,１年次,後期,大村拓生(オオムラタクオ),B0B012C0
文学基礎,２年次,前期,横山恵理(ヨコヤマエリ),B0B014A0
文学基礎,２年次,前期,横山恵理(ヨコヤマエリ),B0B014B0
文学基礎,２年次,後期,横山恵理(ヨコヤマエリ),B0B014C0
文学基礎,２年次,後期,横山恵理(ヨコヤマエリ),B0B014D0
情報法学,３年次,前期,家本真実(イエモトマミ),B0B019A0
情報法学,３年次,前期,家本真実(イエモトマミ),B0B019B0
経済学基礎,２年次,前期,瀬野陸見(セノムツミ),B0B020A0
経済学基礎,２年次,前期,瀬野陸見(セノムツミ),B0B020B0
経済学基礎,２年次,後期,瀬野陸見(セノムツミ),B0B020C0
社会学基礎,２年次,前期,池田知加(イケダトモカ),B0C004A0
社会学基礎,２年次,前期,池田知加(イケダトモカ),B0C004B0
倫理学基礎,１年次,前期,雨宮徹(アメミヤトオル),B0C007A0
倫理学基礎,１年次,前期,雨宮徹(アメミヤトオル),B0C007B0
倫理学基礎,１年次,後期,雨宮徹(アメミヤトオル),B0C007C0
倫理学基礎,１年次,後期,雨宮徹(アメミヤトオル),B0C007D0
日本の歴史,２年次,前期,大村拓生(オオムラタクオ),B0C011A0
日本の歴史,２年次,前期,大村拓生(オオムラタクオ),B0C011B0
日本の歴史,２年次,前期,大村拓生(オオムラタクオ),B0C011C0
観る文学,２年次,前期,横山恵理(ヨコヤマエリ),B0C015A0
観る文学,２年次,後期,横山恵理(ヨコヤマエリ),B0C015C0
言語学基礎,１年次,前期,横山恵理(ヨコヤマエリ),B0C016A0
言語学基礎,１年次,前期,横山恵理(ヨコヤマエリ),B0C016B0
言語学基礎,１年次,後期,横山恵理(ヨコヤマエリ),B0C016C0
言語学基礎,１年次,後期,横山恵理(ヨコヤマエリ),B0C016D0
日本国憲法,２年次,前期,玄哲浩(ゲンテツヒロ),B0C017A0
日本国憲法,２年次,前期,玄哲浩(ゲンテツヒロ),B0C017B0
法学基礎,２年次,後期,玄哲浩(ゲンテツヒロ),B0C018A0
法学基礎,２年次,後期,玄哲浩(ゲンテツヒロ),B0C018B0
現代経済論,２年次,後期,瀬野陸見(セノムツミ),B0C021A0
心理学基礎,２年次,前期,八木成和(ヤギシゲカズ),B0C022A0
心理学基礎,２年次,前期,八木成和(ヤギシゲカズ),B0C022B0
心理学基礎,２年次,後期,八木成和(ヤギシゲカズ),B0C022C0
心理学基礎,２年次,後期,八木成和(ヤギシゲカズ),B0C022D0
英語表現（ｂａｓｉｃ１）ａ,１年次,前期,菊池由記(キクチユキ),B1C001A0
英語表現（ｂａｓｉｃ１）ａ,１年次,前期,黒川尚彦(クロカワナオヒコ),B1C001B0
英語表現（ｂａｓｉｃ１）ａ,１年次,前期,田岡育恵(タオカイクエ),B1C001C0
英語表現（ｂａｓｉｃ１）ａ,１年次,前期,菊池由記(キクチユキ),B1C001D0
英語表現（ｂａｓｉｃ１）ａ,１年次,前期,黒川尚彦(クロカワナオヒコ),B1C001E0
英語表現（ｂａｓｉｃ１）ａ,１年次,前期,田岡育恵(タオカイクエ),B1C001F0
英語表現（ｂａｓｉｃ１）ａ,１年次,前期,新庄谷洋子(シンジョウダニヨウコ),B1C001G0
英語表現（ｂａｓｉｃ１）ａ,１年次,前期,黒川尚彦(クロカワナオヒコ),B1C001H0
英語表現（ｂａｓｉｃ１）ａ,１年次,前期,田岡育恵(タオカイクエ),B1C001I0
英語表現（ｂａｓｉｃ１）ａ,１年次,前期,新庄谷洋子(シンジョウダニヨウコ),B1C001J0
英語表現（ｂａｓｉｃ１）ａ,１年次,前期,黒川尚彦(クロカワナオヒコ),B1C001K0
英語表現（ｂａｓｉｃ１）ａ,１年次,前期,田岡育恵(タオカイクエ),B1C001L0
英語表現（ｂａｓｉｃ１）ｂ,１年次,後期,菊池由記(キクチユキ),B1C002A0
英語表現（ｂａｓｉｃ１）ｂ,１年次,後期,黒川尚彦(クロカワナオヒコ),B1C002B0
英語表現（ｂａｓｉｃ１）ｂ,１年次,後期,田岡育恵(タオカイクエ),B1C002C0
英語表現（ｂａｓｉｃ１）ｂ,１年次,後期,菊池由記(キクチユキ),B1C002D0
英語表現（ｂａｓｉｃ１）ｂ,１年次,後期,黒川尚彦(クロカワナオヒコ),B1C002E0
英語表現（ｂａｓｉｃ１）ｂ,１年次,後期,田岡育恵(タオカイクエ),B1C002F0
英語表現（ｂａｓｉｃ１）ｂ,１年次,後期,新庄谷洋子(シンジョウダニヨウコ),B1C002G0
英語表現（ｂａｓｉｃ１）ｂ,１年次,後期,黒川尚彦(クロカワナオヒコ),B1C002H0
英語表現（ｂａｓｉｃ１）ｂ,１年次,後期,田岡育恵(タオカイクエ),B1C002I0
英語表現（ｂａｓｉｃ１）ｂ,１年次,後期,新庄谷洋子(シンジョウダニヨウコ),B1C002J0
英語表現（ｂａｓｉｃ１）ｂ,１年次,後期,黒川尚彦(クロカワナオヒコ),B1C002K0
英語表現（ｂａｓｉｃ１）ｂ,１年次,後期,田岡育恵(タオカイクエ),B1C002L0
英語の語法,３年次,前期,古樋直己(フルヒナオキ),B1C003A0
英語の語法,３年次,前期,古樋直己(フルヒナオキ),B1C003B0
英語の語法,３年次,前期,島田浩之(シマダヒロユキ),B1C003C0
英語の語法,３年次,前期,中村英江(ナカムラハナエ),B1C003D0
英語の語法,３年次,前期,中村英江(ナカムラハナエ),B1C003E0
英語の語法,３年次,前期,島田浩之(シマダヒロユキ),B1C003F0
英語の語法,３年次,後期,古樋直己(フルヒナオキ),B1C003I0
口語英語Ⅰａ,１年次,前期,アンドリューメロウ(アンドリューメロウ),B1C004A0
口語英語Ⅰａ,１年次,前期,エルズベスヘロン(エルズベスヘロン),B1C004B0
口語英語Ⅰａ,１年次,前期,ガブリエルポーラス(ガブリエルポーラス),B1C004C0
口語英語Ⅰａ,１年次,前期,ウェンディチェン(ウェンディチェン),B1C004D0
口語英語Ⅰａ,１年次,前期,アンドリューメロウ(アンドリューメロウ),B1C004E0
口語英語Ⅰａ,１年次,前期,エルズベスヘロン(エルズベスヘロン),B1C004F0
口語英語Ⅰａ,１年次,前期,ガブリエルポーラス(ガブリエルポーラス),B1C004G0
口語英語Ⅰａ,１年次,前期,ウェンディチェン(ウェンディチェン),B1C004H0
口語英語Ⅰａ,１年次,前期,アンドリューメロウ(アンドリューメロウ),B1C004I0
口語英語Ⅰａ,１年次,前期,ウェンディチェン(ウェンディチェン),B1C004J0
口語英語Ⅰａ,１年次,前期,ロバートウォレス(ロバートウォレス),B1C004K0
口語英語Ⅰａ,１年次,前期,タローヘイス(タローヘイス),B1C004L0
口語英語Ⅰａ,１年次,前期,アンドリューメロウ(アンドリューメロウ),B1C004M0
口語英語Ⅰａ,１年次,前期,ウェンディチェン(ウェンディチェン),B1C004N0
口語英語Ⅰａ,１年次,前期,ロバートウォレス(ロバートウォレス),B1C004P0
口語英語Ⅰａ,１年次,前期,タローヘイス(タローヘイス),B1C004Q0
口語英語Ⅰｂ,１年次,後期,アンドリューメロウ(アンドリューメロウ),B1C005A0
口語英語Ⅰｂ,１年次,後期,エルズベスヘロン(エルズベスヘロン),B1C005B0
口語英語Ⅰｂ,１年次,後期,ガブリエルポーラス(ガブリエルポーラス),B1C005C0
口語英語Ⅰｂ,１年次,後期,ウェンディチェン(ウェンディチェン),B1C005D0
口語英語Ⅰｂ,１年次,後期,アンドリューメロウ(アンドリューメロウ),B1C005E0
口語英語Ⅰｂ,１年次,後期,エルズベスヘロン(エルズベスヘロン),B1C005F0
口語英語Ⅰｂ,１年次,後期,ガブリエルポーラス(ガブリエルポーラス),B1C005G0
口語英語Ⅰｂ,１年次,後期,ウェンディチェン(ウェンディチェン),B1C005H0
口語英語Ⅰｂ,１年次,後期,アンドリューメロウ(アンドリューメロウ),B1C005I0
口語英語Ⅰｂ,１年次,後期,ウェンディチェン(ウェンディチェン),B1C005J0
口語英語Ⅰｂ,１年次,後期,ロバートウォレス(ロバートウォレス),B1C005K0
口語英語Ⅰｂ,１年次,後期,タローヘイス(タローヘイス),B1C005L0
口語英語Ⅰｂ,１年次,後期,アンドリューメロウ(アンドリューメロウ),B1C005M0
口語英語Ⅰｂ,１年次,後期,ウェンディチェン(ウェンディチェン),B1C005N0
口語英語Ⅰｂ,１年次,後期,ロバートウォレス(ロバートウォレス),B1C005P0
口語英語Ⅰｂ,１年次,後期,タローヘイス(タローヘイス),B1C005Q0
英語による情報技術Ⅱ,３年次,前期,平山亮(ヒラヤママコト),B1C006A0
英語による情報技術Ⅱ,３年次,前期,矢野浩二朗(ヤノコウジロウ),B1C006B0
英語による情報技術Ⅱ,３年次,前期,久保田真司(クボタシンジ),B1C006C0
英語による情報技術Ⅱ,３年次,前期,久保田真司(クボタシンジ),B1C006D0
英語による情報技術Ⅱ,３年次,後期,久保田真司(クボタシンジ),B1C006E0
英語による情報技術Ⅱ,３年次,後期,久保田真司(クボタシンジ),B1C006F0
英語表現（ｂａｓｉｃ２）ａ,２年次,前期,島田浩之(シマダヒロユキ),B1C007A0
英語表現（ｂａｓｉｃ２）ａ,２年次,前期,古樋直己(フルヒナオキ),B1C007B0
英語表現（ｂａｓｉｃ２）ａ,２年次,前期,島田浩之(シマダヒロユキ),B1C007D0
英語表現（ｂａｓｉｃ２）ａ,２年次,前期,田岡育恵(タオカイクエ),B1C007E0
英語表現（ｂａｓｉｃ２）ａ,２年次,前期,古樋直己(フルヒナオキ),B1C007F0
英語表現（ｂａｓｉｃ２）ａ,２年次,前期,古樋直己(フルヒナオキ),B1C007G0
英語表現（ｂａｓｉｃ２）ａ,２年次,前期,黒川尚彦(クロカワナオヒコ),B1C007H0
英語表現（ｂａｓｉｃ２）ｂ,２年次,後期,島田浩之(シマダヒロユキ),B1C008A0
英語表現（ｂａｓｉｃ２）ｂ,２年次,後期,古樋直己(フルヒナオキ),B1C008B0
英語表現（ｂａｓｉｃ２）ｂ,２年次,後期,古樋直己(フルヒナオキ),B1C008C0
英語表現（ｂａｓｉｃ２）ｂ,２年次,後期,島田浩之(シマダヒロユキ),B1C008D0
英語表現（ｂａｓｉｃ２）ｂ,２年次,後期,田岡育恵(タオカイクエ),B1C008E0
英語表現（ｂａｓｉｃ２）ｂ,２年次,後期,古樋直己(フルヒナオキ),B1C008F0
英語表現（ｂａｓｉｃ２）ｂ,２年次,後期,古樋直己(フルヒナオキ),B1C008G0
英語表現（ｂａｓｉｃ２）ｂ,２年次,後期,黒川尚彦(クロカワナオヒコ),B1C008H0
口語英語Ⅱａ,２年次,前期,ガブリエルポーラス(ガブリエルポーラス),B1C009B0
口語英語Ⅱａ,２年次,前期,アンドリューメロウ(アンドリューメロウ),B1C009C0
口語英語Ⅱａ,２年次,前期,アンドリューメロウ(アンドリューメロウ),B1C009D0
口語英語Ⅱｂ,２年次,後期,ガブリエルポーラス(ガブリエルポーラス),B1C010B0
口語英語Ⅱｂ,２年次,後期,アンドリューメロウ(アンドリューメロウ),B1C010C0
口語英語Ⅱｂ,２年次,後期,アンドリューメロウ(アンドリューメロウ),B1C010D0
英語による情報技術Ⅰａ,２年次,前期,平山亮(ヒラヤママコト),B1C011A0
英語による情報技術Ⅰｂ,２年次,後期,平山亮(ヒラヤママコト),B1C012A0
日本語Ⅰ,１年次,前期,原田佳代子(ハラダカヨコ),B1C014A0
日本語Ⅱ,１年次,後期,原田佳代子(ハラダカヨコ),B1C015B0
英語演習,３年次,後期,アンドリューメロウ(アンドリューメロウ),B1C016A0
基礎スポーツ科学ａ,１年次,前期,井上裕美子(イノウエユミコ),B2C001A0
基礎スポーツ科学ａ,１年次,前期,望月慎之(モチヅキチカユキ),B2C001B0
基礎スポーツ科学ａ,１年次,前期,井上裕美子(イノウエユミコ),B2C001C0
基礎スポーツ科学ａ,１年次,前期,望月慎之(モチヅキチカユキ),B2C001D0
基礎スポーツ科学ａ,１年次,前期,積山敬経(ツミヤマタカツネ),B2C001E0
基礎スポーツ科学ａ,１年次,前期,積山敬経(ツミヤマタカツネ),B2C001G0
基礎スポーツ科学ａ,１年次,前期,井上裕美子(イノウエユミコ),B2C001H0
基礎スポーツ科学ａ,１年次,前期,積山敬経(ツミヤマタカツネ),B2C001I0
基礎スポーツ科学ａ,１年次,前期,井上裕美子(イノウエユミコ),B2C001J0
基礎スポーツ科学ａ,１年次,前期,積山敬経(ツミヤマタカツネ),B2C001K0
基礎スポーツ科学ａ,１年次,前期,井上裕美子(イノウエユミコ),B2C001L0
基礎スポーツ科学ａ,１年次,前期,望月慎之(モチヅキチカユキ),B2C001M0
基礎スポーツ科学ａ,１年次,前期,平井博志(ヒライヒロシ),B2C001N0
基礎スポーツ科学ａ,１年次,前期,望月慎之(モチヅキチカユキ),B2C001P0
基礎スポーツ科学ａ,１年次,前期,平井博志(ヒライヒロシ),B2C001Q0
基礎スポーツ科学ｂ,２年次,後期,井上裕美子(イノウエユミコ),B2C002A0
基礎スポーツ科学ｂ,２年次,後期,望月慎之(モチヅキチカユキ),B2C002B0
基礎スポーツ科学ｂ,２年次,後期,積山敬経(ツミヤマタカツネ),B2C002C0
基礎スポーツ科学ｂ,２年次,後期,望月慎之(モチヅキチカユキ),B2C002D0
基礎スポーツ科学ｂ,２年次,後期,積山敬経(ツミヤマタカツネ),B2C002E0
基礎スポーツ科学ｂ,２年次,後期,望月慎之(モチヅキチカユキ),B2C002F0
基礎スポーツ科学ｂ,２年次,後期,積山敬経(ツミヤマタカツネ),B2C002G0
基礎スポーツ科学ｂ,２年次,後期,井上裕美子(イノウエユミコ),B2C002H0
基礎スポーツ科学ｂ,２年次,後期,井上裕美子(イノウエユミコ),B2C002I0
基礎スポーツ科学ｂ,２年次,後期,平井博志(ヒライヒロシ),B2C002J0
基礎スポーツ科学ｂ,２年次,後期,積山敬経(ツミヤマタカツネ),B2C002K0
基礎スポーツ科学ｂ,２年次,後期,望月慎之(モチヅキチカユキ),B2C002L0
基礎スポーツ科学ｂ,２年次,後期,井上裕美子(イノウエユミコ),B2C002M0
基礎スポーツ科学ｂ,２年次,後期,平井博志(ヒライヒロシ),B2C002N0
基礎スポーツ科学ｂ,２年次,後期,積山敬経(ツミヤマタカツネ),B2C002P0
基礎スポーツ科学ｂ,２年次,後期,望月慎之(モチヅキチカユキ),B2C002Q0
スポーツ科学実習,３年次,前期,井上裕美子(イノウエユミコ),B2C004A0
物理学基礎,１年次,前期,藤井研一(フジイケンイチ),B3B003A0
物理学基礎,１年次,前期,藤井研一(フジイケンイチ),B3B003B0
物理学基礎,１年次,前期,藤井研一(フジイケンイチ),B3B003C0
物理学基礎,１年次,前期,藤井研一(フジイケンイチ),B3B003D0
現代物理学入門,２年次,後期,藤博之(フジヒロユキ),B3B007A0
現代物理学入門,２年次,後期,藤博之(フジヒロユキ),B3B007B0
地球環境,１年次,後期,金幸隆(キムヘンユン),B3B014A0
地球環境,１年次,後期,金幸隆(キムヘンユン),B3B014B0
地球環境,１年次,後期,金幸隆(キムヘンユン),B3B014C0
情報生命科学,１年次,後期,矢野浩二朗(ヤノコウジロウ),B3B017A0
情報生命科学,１年次,後期,矢野浩二朗(ヤノコウジロウ),B3B017B0
情報生命科学,１年次,後期,矢野浩二朗(ヤノコウジロウ),B3B017C0
物理現象の数理,２年次,前期,藤博之(フジヒロユキ),B3C004A0
物理現象の数理,２年次,前期,藤博之(フジヒロユキ),B3C004B0
力学,１年次,前期,藤博之(フジヒロユキ),B3C005A0
力学,１年次,前期,藤博之(フジヒロユキ),B3C005B0
力学,１年次,前期,藤博之(フジヒロユキ),B3C005C0
力学,１年次,前期,藤博之(フジヒロユキ),B3C005D0
電磁気学,１年次,後期,藤井研一(フジイケンイチ),B3C006A0
電磁気学,１年次,後期,藤井研一(フジイケンイチ),B3C006B0
電磁気学,１年次,後期,藤井研一(フジイケンイチ),B3C006C0
電磁気学,１年次,後期,藤井研一(フジイケンイチ),B3C006D0
化学基礎,１年次,前期,田中龍一郎(タナカリュウイチロウ),B3C009A0
化学基礎,１年次,前期,田中龍一郎(タナカリュウイチロウ),B3C009B0
環境情報科学,１年次,前期,角谷秀樹(カクタニヒデキ),B3C010A0
環境情報科学,１年次,後期,角谷秀樹(カクタニヒデキ),B3C010B0
環境情報科学,１年次,後期,角谷秀樹(カクタニヒデキ),B3C010C0
地球科学基礎,１年次,前期,金幸隆(キムヘンユン),B3C012A0
地球科学基礎,１年次,前期,金幸隆(キムヘンユン),B3C012B0
地球科学基礎,１年次,前期,金幸隆(キムヘンユン),B3C012C0
地球科学基礎,１年次,前期,金幸隆(キムヘンユン),B3C012D0
生命科学基礎,１年次,前期,矢野浩二朗(ヤノコウジロウ),B3C015B0
生命科学基礎,１年次,前期,矢野浩二朗(ヤノコウジロウ),B3C015C0
視る自然科学,２年次,後期,藤井研一(フジイケンイチ),B3C018A0
基礎ゼミナール,１年次,前期,井垣宏(イガキヒロシ),B4C001A0
基礎ゼミナール,１年次,前期,山田隆亮(ヤマダタカアキ),B4C001J0
キャリアステップ（IC科）,１年次,後期,藤井研一(フジイケンイチ),B4C002A0
キャリアステップ（IS科）,１年次,後期,須永宏(スナガヒロシ),B4C002B0
キャリアステップ（IM科）,１年次,後期,小堀研一(コボリケンイチ),B4C002C0
キャリアステップ（IN科）,１年次,後期,未定(ミテイ),B4C002D0
キャリアデザインⅠ（IC科）,２年次,前期,藤井研一(フジイケンイチ),B4C003A0
キャリアデザインⅠ（IS科）,２年次,前期,山田隆亮(ヤマダタカアキ),B4C003B0
キャリアデザインⅠ（IM科）,２年次,前期,福島拓(フクシマタク),B4C003C0
キャリアデザインⅠ（IN科）,２年次,前期,大島一能(オオシマカズヨシ),B4C003D0
キャリアデザインⅡ（IC科）,２年次,後期,田岡育恵(タオカイクエ),B4C004A0
キャリアデザインⅡ（IS科）,２年次,後期,黒川尚彦(クロカワナオヒコ),B4C004B0
キャリアデザインⅡ（IM科）,２年次,後期,田岡育恵(タオカイクエ),B4C004C0
教職入門,１年次,後期,疋田祥人(ヒキダヨシト),BTD001A1
教育原論,２年次,前期,疋田祥人(ヒキダヨシト),BTD002A1
教育心理学,１年次,後期,酒井恵子(サカイケイコ),BTD003A1
教育行政,２年次,前期,疋田祥人(ヒキダヨシト),BTD004A1
数学科教育法ａ,２年次,後期,北秀和(キタヒデカズ),BTD005A1
数学科教育法ｂ,３年次,前期,北秀和(キタヒデカズ),BTD006A1
数学科教育法ｃ,３年次,後期,北秀和(キタヒデカズ),BTD007A1
情報科教育法ａ,３年次,前期,大井翔(オオイショウ),BTD009A1
情報科教育法ｂ,３年次,集中,大井翔(オオイショウ),BTD010A1
道徳教育の研究,２年次,前期,澤田俊也(サワダトシヤ),BTD011A1
教育課程論,２年次,前期,澤田俊也(サワダトシヤ),BTD012A1
教育方法論,２年次,後期,北秀和(キタヒデカズ),BTD013A1
生徒指導論,２年次,後期,胡田裕教(エビタヒロユキ),BTD014A1
中学校教育実習,４年次,集中,疋田祥人(ヒキダヨシト),BTD016A1
高等学校教育実習,４年次,集中,疋田祥人(ヒキダヨシト),BTD017A1
教職実践演習,４年次,後期,疋田祥人(ヒキダヨシト),BTD018A1
福祉教育概論,３年次,集中,酒井恵子(サカイケイコ),BTD019A1
道徳教育,２年次,前期,澤田俊也(サワダトシヤ),BTD020A1
教育相談,３年次,前期,酒井恵子(サカイケイコ),BTD021A1
特別活動・総合的な学習の時間の指導法,２年次,後期,澤田俊也(サワダトシヤ),BTD023A1
特別支援教育,２年次,後期,矢野正(ヤノタダシ),BTD024A1
