テクニカルライティング,１年次,後期,1AAB05A0,ミツダケンロウ
テクニカルライティング,１年次,後期,1AAB05B0,アラキヒデオ
ディジタル回路,１年次,後期,1AAB07A0,マキノヒロシ
アセンブリ言語,２年次,後期,1AAB18A0,ヌノムラヤスヒロ
アセンブリ言語,２年次,後期,1AAB18B0,ヒラオカカズタケ
組み込みシステム基礎,２年次,前期,1AAB23A0,コマツノブオ
アセンブリ言語,２年次,後期,1AAD10B0,ヒラオカカズタケ
組み込みシステム基礎,１年次,前期,1AAG10A0,コマツノブオ
情報技術者論,３年次,後期,1AAG14A0,オザキアツオ
Ｃ演習Ⅰ,１年次,後期,1AAH03A0,ミズタニヤスハル
コンピュータ科学基礎演習,３年次,前期,1AAH07A0,コタニナオキ
コンピュータ科学専門演習,３年次,後期,1AAH08A0,カマクラヨシナリ
情報ゼミナール,３年次,後期,1AAK01A0,カマクラヨシナリ
計算機アーキテクチャ,２年次,前期,1AAL02A0,ナカニシチカコ
オペレーティングシステム,２年次,後期,1AAL07A0,ニシグチサトシ
情報技術者論,２年次,後期,1AAL27A0,コウダトモコ
Ｃ演習Ⅰ,１年次,後期,1AAN03A0,ミズタニヤスハル
情報科学演習Ⅰ,２年次,後期,1AAN07A0,マキノヒロシ
情報科学演習Ⅱ,３年次,前期,1AAN08A0,オクノヒロツグ
情報科学演習Ⅲ,３年次,後期,1AAN09A0,カマクラヨシナリ
線形数学Ⅰ,１年次,前期,1ABA01A0,ヒラシマヨウイチ
線形数学Ⅰ,１年次,前期,1ABA01B0,オガタナオコ
線形数学Ⅰ,１年次,後期,1ABA01C0,オガタナオコ
微積分学Ⅰ,１年次,前期,1ABA03A0,シンカイヒサアキ
微積分学Ⅰ,１年次,前期,1ABA03B0,サイトウヨウスケ
微積分学Ⅰ,１年次,後期,1ABA03C0,オガタナオコ
情報数学,２年次,後期,1ABA05A0,チサキショウコ
グラフ理論,２年次,前期,1ABA08A0,チサキショウコ
情報通信ネットワーク,２年次,前期,1ABB02A0,カシハラシゲル
オートマトンと形式言語,３年次,前期,1ABB04A0,ヌノムラヤスヒロ
データ構造とアルゴリズムⅠ,２年次,前期,1ABB13A0,コニシマサヒト
ソフトウェア工学Ⅰ,２年次,後期,1ABB21A0,オバナマサキ
プロセッサ設計,３年次,前期,1ABC04A0,コニシマサヒト
情報セキュリティ,３年次,前期,1ABC06A0,サカザワシゲユキ
集積回路工学,３年次,前期,1ABC07A0,マキノヒロシ
プログラミング言語論,３年次,前期,1ABD09A0,ヌノムラヤスヒロ
ソフトウェア工学Ⅱ,３年次,前期,1ABD14A0,イガキヒロシ
ソフトウェア工学演習,３年次,前期,1ABH06A0,フクシマタク
オートマトンと形式言語,３年次,前期,1ABL01A0,ヌノムラヤスヒロ
プロセッサ設計,３年次,前期,1ABL03A0,コニシマサヒト
集積回路工学,３年次,前期,1ABL04A0,マキノヒロシ
データベースシステム,２年次,後期,1ABL09A0,フカミサトル
ソフトウェア工学Ⅱ,３年次,前期,1ABL11A0,イガキヒロシ
情報セキュリティの基礎,３年次,前期,1ABL32A0,サカザワシゲユキ
Ｃ演習Ⅱ,２年次,前期,1ABN04A0,ミズタニヤスハル
Java演習,２年次,後期,1ABN05A0,ヤストメセイゴ
ソフトウェア工学演習,３年次,前期,1ABN06A0,オクノヒロツグ
微積分学Ⅱ,３年次,後期,1ACA04A0,カマクラヨシナリ
周波数解析,２年次,前期,1ACA06A0,カマクラヨシナリ
微分方程式,１年次,後期,1ACA07A0,タイラヒロトシ
微分方程式,１年次,後期,1ACA07B0,オクノヒロツグ
数値計算演習,３年次,前期,1ACA10A0,ジンノウタカオ
プログラミング基礎,１年次,後期,1ACB03A0,ヌノムラヤスヒロ
情報処理基礎,１年次,後期集中,1ACB08A0,ヤストメセイゴ
プログラミング入門,１年次,前期,1ACB10A0,ナカニシチカコ
プログラミング入門,１年次,前期,1ACB10B0,ヌノムラヤスヒロ
コンピュータリテラシー,１年次,前期,1ACB26A0,ヒラオカカズタケ
コンピュータリテラシー,１年次,前期,1ACB26B0,ヒラオカカズタケ
ディジタル回路応用,２年次,前期,1ACC05A0,マキノヒロシ
集積回路設計,３年次,後期,1ACC08A0,マキノヒロシ
集積回路設計,３年次,後期,1ACC08B0,マキノヒロシ
データ構造とアルゴリズムⅡ,３年次,前期,1ACD03A0,ナカニシミチオ
システムプログラム,３年次,前期,1ACD05A0,ニシグチサトシ
Unixプログラミング,３年次,後期,1ACD15A0,ナカニシミチオ
コンピュータグラフィックスⅠ,２年次,後期,1ACE02A0,カワイノリヒコ
コンピュータグラフィックスⅠ,２年次,後期,1ACE02B0,カワイノリヒコ
画像処理,３年次,後期,1ACE19A0,ジンノウタカオ
信号処理,２年次,後期,1ACF04A0,ジンノウタカオ
キャリアデザインⅠ,２年次,前期,1ACG02A0,フジイケンイチ
ロボット制御,２年次,後期,1ACG11A0,コマツノブオ
ロボット工学基礎,３年次,前期,1ACG12A0,コマツノブオ
コンピュータリテラシー,１年次,前期,1ACH02A0,ヒラオカカズタケ
コンピュータリテラシー,１年次,前期,1ACH02B0,ヒラオカカズタケ
ロボット工学演習,３年次,後期,1ACH09A0,コマツノブオ
データ構造とアルゴリズムⅡ,３年次,前期,1ACL05A0,ナカニシミチオ
システムプログラム,２年次,前期,1ACL06A0,ニシグチサトシ
Unixプログラミング,３年次,後期,1ACL16A0,ナカニシミチオ
インターフェース・センサ回路,２年次,前期,1ACL30A0,アラキヒデオ
知能制御工学基礎,３年次,前期,1ACM01A0,コマツノブオ
集積回路設計,３年次,後期,1ACM04A0,マキノヒロシ
集積回路設計,３年次,後期,1ACM04B0,マキノヒロシ
画像処理,３年次,後期,1ACM06A0,ジンノウタカオ
信号処理,３年次,後期,1ACM07A0,ジンノウタカオ
コンピュータグラフィックスⅠ,３年次,後期,1ACM08A0,カワイノリヒコ
コンピュータグラフィックスⅠ,３年次,後期,1ACM08B0,カワイノリヒコ
知能情報処理,３年次,後期,1ACM09A0,オザキアツオ
知能制御工学,３年次,後期,1ACM10A0,コマツノブオ
知能制御工学演習,３年次,後期,1ACN10A0,コマツノブオ
コンピュータ入門,１年次,前期,1BAB01A0,イガキヒロシ
テクニカルライティング,１年次,後期,1BAB05B0,スナガヒロシ
計算機アーキテクチャ,２年次,前期,1BAB11A0,スナガヒロシ
オペレーティングシステム,２年次,後期,1BAB16A0,サノムツオ
計算機アーキテクチャ,２年次,前期,1BAC03A0,スナガヒロシ
オペレーティングシステム,２年次,後期,1BAD06A0,サノムツオ
データベースシステム,２年次,後期,1BAD11A0,フカミサトル
ソフトウェア工学Ⅰ,２年次,後期,1BAD13A0,スナガヒロシ
情報技術者論,３年次,後期,1BAG14A0,オザキアツオ
Ｃ演習Ⅰ,１年次,後期,1BAH03A0,ミズタニヤスハル
情報システム基礎演習,３年次,後期,1BAH07A0,オバナマサキ
情報システム専門演習,３年次,前期,1BAH08A0,ミズタニヤスハル
情報ゼミナール,３年次,後期,1BAK01A0,カマクラヨシナリ
データベースシステム,２年次,後期,1BAL09A0,フカミサトル
ソフトウェア工学Ⅰ,２年次,後期,1BAL10A0,スナガヒロシ
情報技術者論,２年次,後期,1BAL27A0,オザキアツオ
Ｃ演習Ⅰ,１年次,後期,1BAN03A0,ミズタニヤスハル
情報システム基礎演習,２年次,後期,1BAN07A0,オバナマサキ
情報システム専門演習,３年次,前期,1BAN08A0,ミズタニヤスハル
線形数学Ⅰ,１年次,前期,1BBA01A0,カマクラヨシナリ
線形数学Ⅰ,１年次,前期,1BBA01B0,オガタナオコ
線形数学Ⅰ,１年次,後期,1BBA01C0,サイトウヨウスケ
微積分学Ⅰ,１年次,前期,1BBA03A0,シンカイヒサアキ
微積分学Ⅰ,１年次,前期,1BBA03B0,サイトウヨウスケ
微積分学Ⅰ,１年次,後期,1BBA03C0,サイトウヨウスケ
確率・統計,３年次,前期,1BBA11A0,シンカイヒサアキ
情報通信ネットワーク,２年次,前期,1BBB02A0,シマノアキツグ
オートマトンと形式言語,３年次,前期,1BBB04A0,ヌノムラヤスヒロ
データ構造とアルゴリズムⅠ,２年次,前期,1BBB13A0,ニシグチサトシ
情報セキュリティ,３年次,前期,1BBC06A0,ヤマモトユウヘイ
データ構造とアルゴリズムⅠ,２年次,前期,1BBD02A0,ニシグチサトシ
プログラミング言語論,３年次,前期,1BBD09A0,イガキヒロシ
ソフトウェア工学Ⅱ,３年次,前期,1BBD14A0,ヤマダタカアキ
ネットワーク設計,３年次,前期,1BBF06A0,ヤマウチユキジ
情報システムの計画策定,３年次,前期,1BBG16A0,ヤマダタカアキ
システム工学,２年次,前期,1BBG17A0,ヤマダタカアキ
Ｃ演習Ⅱ,２年次,前期,1BBH04A0,ミズタニヤスハル
Java演習,２年次,後期,1BBH05A0,ヤストメセイゴ
ソフトウェア工学演習,３年次,前期,1BBH06A0,ヤストメセイゴ
プログラミング言語論,３年次,前期,1BBL08A0,イガキヒロシ
ソフトウェア工学Ⅱ,３年次,前期,1BBL11A0,ヤマダタカアキ
ネットワーク設計,３年次,前期,1BBL19A0,ヤマウチユキジ
情報システムの計画策定,３年次,前期,1BBL28A0,ヤマダタカアキ
システム工学,２年次,前期,1BBL31A0,ヤマダタカアキ
情報セキュリティの基礎,３年次,前期,1BBL32A0,ヤマモトユウヘイ
Ｃ演習Ⅱ,２年次,前期,1BBN04A0,ミズタニヤスハル
Java演習,２年次,後期,1BBN05A0,ヤストメセイゴ
ソフトウェア工学演習,３年次,前期,1BBN06A0,ヤストメセイゴ
情報システム応用演習,３年次,後期,1BBN09A0,イガキヒロシ
線形数学Ⅱ,３年次,後期,1BCA02A0,サイトウヨウスケ
微積分学Ⅱ,３年次,後期,1BCA04A0,カマクラヨシナリ
周波数解析,２年次,前期,1BCA06A0,カマクラヨシナリ
微分方程式,１年次,後期,1BCA07A0,シンカイヒサアキ
微分方程式,１年次,後期,1BCA07B0,オオシマカズヨシ
プログラミング基礎,１年次,後期,1BCB03A0,サイトウタカシ
ディジタル回路,１年次,後期,1BCB07A0,カマクラヨシユキ
情報処理基礎,１年次,後期集中,1BCB08A0,ヤストメセイゴ
システムプログラム,２年次,前期,1BCB15A0,ニシグチサトシ
アセンブリ言語,２年次,後期,1BCB18A0,ヒラオカカズタケ
アセンブリ言語,２年次,後期,1BCB18B0,ヒラオカカズタケ
コンピュータリテラシー,１年次,前期,1BCB26A0,チサキショウコ
コンピュータリテラシー,１年次,前期,1BCB26B0,シイハラマサツグ
Ｕｎｉｘシステム入門,２年次,前期,1BCB27A0,ヤマウチケンジ
Ｕｎｉｘシステム入門,２年次,前期,1BCB27B0,ホンダキヨシ
システムプログラム,３年次,前期,1BCD05A0,ニシグチサトシ
Ｕｎｉｘシステム入門,２年次,前期,1BCD08A0,ヤマウチケンジ
Ｕｎｉｘシステム入門,２年次,前期,1BCD08B0,ホンダキヨシ
アセンブリ言語,２年次,後期,1BCD10A0,ヒラオカカズタケ
アセンブリ言語,２年次,後期,1BCD10B0,ヒラオカカズタケ
情報検索,３年次,後期,1BCD12A0,フカミサトル
人工知能,３年次,後期,1BCD15A0,フカミサトル
コンピュータグラフィックスⅠ,２年次,後期,1BCE02A0,ミヤワキケンザブロウ
コンピュータグラフィックスⅠ,２年次,後期,1BCE02B0,ミヤワキケンザブロウ
構造化文書処理,３年次,後期,1BCE05A0,ナイトウヒロシ
ヒューマンインタフェース,３年次,前期,1BCE06A0,コウダトモコ
通信理論,１年次,前期,1BCF02A0,ツカモトカツトシ
信号処理,２年次,後期,1BCF04A0,ジンノウタカオ
アドバンスト　ネットワーキング,３年次,後期,1BCF11A0,シマノアキツグ
オペレーションズ・リサーチ,３年次,前期,1BCG04A0,シイハラマサツグ
情報技術応用システム,３年次,後期,1BCG05A0,シイハラマサツグ
経営システム論,３年次,前期,1BCG06A0,シイハラマサツグ
高信頼システム,４年次,後期,1BCG08A0,ヤマダタカアキ
モデリングとシミュレーション,３年次,後期,1BCG09A0,ヒラシマヨウイチ
Webサービス論,３年次,後期,1BCG15A0,スナガヒロシ
コンピュータリテラシー,１年次,前期,1BCH02A0,チサキショウコ
コンピュータリテラシー,１年次,前期,1BCH02B0,シイハラマサツグ
データ構造とアルゴリズムⅡ,３年次,前期,1BCL05A0,ヤストメセイゴ
ヒューマンインタフェース,３年次,前期,1BCL15A0,コウダトモコ
オペレーションズ・リサーチ,３年次,前期,1BCL20A0,シイハラマサツグ
経営システム論Ⅰ,３年次,前期,1BCL33A0,シイハラマサツグ
人工知能,３年次,後期,1BCM03A0,フカミサトル
コンピュータグラフィックスⅠ,３年次,後期,1BCM04A0,ミヤワキケンザブロウ
コンピュータグラフィックスⅠ,３年次,後期,1BCM04B0,ミヤワキケンザブロウ
構造化文書処理,３年次,後期,1BCM16A0,ナイトウヒロシ
高信頼システム,３年次,後期,1BCM17A0,ヤマダタカアキ
モデリングとシミュレーション,３年次,後期,1BCM21A0,ヒラシマヨウイチ
Webサービス論,３年次,後期,1BCM22A0,スナガヒロシ
経営システム論Ⅱ,３年次,後期,1BCM23A0,シイハラマサツグ
情報システム学特別講義,３年次,後期,1BCM24A0,フカミサトル
コンピュータ入門,１年次,前期,1CAB01A0,ヒラヤママコト
テクニカルライティング,１年次,後期,1CAB05A0,カワイノリヒコ
テクニカルライティング,１年次,後期,1CAB05B0,カワイノリヒコ
計算機アーキテクチャ,２年次,前期,1CAB11A0,ハシモトワタル
オペレーティングシステム,２年次,後期,1CAB16A0,サノムツオ
計算機アーキテクチャ,２年次,前期,1CAC03A0,ハシモトワタル
オペレーティングシステム,２年次,後期,1CAD06A0,サノムツオ
情報メディア入門,１年次,後期,1CAE01A0,カワイノリヒコ
情報技術者論,３年次,後期,1CAG14A0,コウダトモコ
Ｃ演習Ⅰ,１年次,後期,1CAH03A0,ミズタニヤスハル
情報メディア基礎演習,３年次,後期,1CAH07A0,コウダトモコ
情報メディア専門演習,３年次,後期,1CAH08A0,スズキモトユキ
情報ゼミナール,３年次,後期,1CAK01A0,カマクラヨシナリ
情報技術者論,２年次,後期,1CAL27A0,オザキアツオ
情報メディア入門,１年次,後期,1CAN02A0,サノムツオ
Ｃ演習Ⅰ,１年次,後期,1CAN03A0,ミズタニヤスハル
情報メディア演習Ⅰ,２年次,後期,1CAN07A0,コウダトモコ
情報メディア演習Ⅱ,３年次,前期,1CAN08A0,カワイノリヒコ
情報メディア演習Ⅲ,３年次,後期,1CAN09A0,スズキモトユキ
線形数学Ⅰ,１年次,前期,1CBA01A0,カマクラヨシナリ
線形数学Ⅰ,１年次,前期,1CBA01B0,オガタナオコ
線形数学Ⅰ,１年次,後期,1CBA01C0,サイトウヨウスケ
微積分学Ⅰ,１年次,前期,1CBA03A0,シンカイヒサアキ
微積分学Ⅰ,１年次,前期,1CBA03B0,サイトウヨウスケ
微積分学Ⅰ,１年次,後期,1CBA03C0,オガタナオコ
情報数学,２年次,後期,1CBA05A0,チサキショウコ
グラフ理論,２年次,前期,1CBA08A0,タイラヒロトシ
確率・統計,３年次,前期,1CBA11A0,ヒラシマヨウイチ
オートマトンと形式言語,３年次,前期,1CBB04A0,オザキアツオ
情報セキュリティの基礎,３年次,前期,1CBB12A0,フクザワヤスコ
データ構造とアルゴリズムⅠ,２年次,前期,1CBB13A0,コニシマサヒト
データベースシステム,２年次,後期,1CBB20A0,ミズタニヤスハル
ソフトウェア工学Ⅰ,２年次,後期,1CBB21A0,オバナマサキ
ソフトウェア工学Ⅱ,３年次,前期,1CBB22A0,イガキヒロシ
情報セキュリティ,３年次,前期,1CBC06A0,フクザワヤスコ
データ構造とアルゴリズムⅠ,２年次,前期,1CBD02A0,コニシマサヒト
プログラミング言語論,３年次,後期,1CBD09A0,イガキヒロシ
データベースシステム,２年次,後期,1CBD11A0,ミズタニヤスハル
ソフトウェア工学Ⅰ,２年次,後期,1CBD13A0,オバナマサキ
ソフトウェア工学Ⅱ,３年次,前期,1CBD14A0,イガキヒロシ
コンピュータグラフィックスⅠ,２年次,前期,1CBE02A0,コボリケンイチ
コンピュータグラフィックスⅠ,２年次,前期,1CBE02B0,コボリケンイチ
画像情報処理Ⅰ,２年次,後期,1CBE07A0,ムラキユウタ
音響処理,２年次,前期,1CBE10A0,スズキモトユキ
Ｃ演習Ⅱ,２年次,前期,1CBH04A0,ミズタニヤスハル
Java演習,２年次,後期,1CBH05A0,ヤストメセイゴ
ソフトウェア工学演習,３年次,前期,1CBH06A0,フクシマタク
コンピュータグラフィックスⅠ,２年次,前期,1CBL13A0,コボリケンイチ
コンピュータグラフィックスⅠ,２年次,前期,1CBL13B0,コボリケンイチ
画像情報処理Ⅰ,２年次,後期,1CBL21A0,ムラキユウタ
音響処理,２年次,前期,1CBL22A0,スズキモトユキ
Ｃ演習Ⅱ,２年次,前期,1CBN04A0,ミズタニヤスハル
Java演習,２年次,後期,1CBN05A0,ヤストメセイゴ
ソフトウェア工学演習,３年次,前期,1CBN06A0,フクシマタク
線形数学Ⅱ,３年次,後期,1CCA02A0,カマクラヨシナリ
微積分学Ⅱ,３年次,後期,1CCA04A0,オガタナオコ
周波数解析,２年次,前期,1CCA06A0,カマクラヨシナリ
微分方程式,１年次,後期,1CCA07A0,タイラヒロトシ
微分方程式,１年次,後期,1CCA07B0,オクノヒロツグ
数理計画法,３年次,後期,1CCA09A0,シイハラマサツグ
プログラミング基礎,１年次,後期,1CCB03A0,ミズタニヤスハル
情報処理基礎,１年次,後期集中,1CCB08A0,ヤストメセイゴ
プログラミング入門,１年次,前期,1CCB10A0,スズキモトユキ
データ構造とアルゴリズムⅡ,３年次,前期,1CCB14A0,ナカニシミチオ
システムプログラム,２年次,前期,1CCB15A0,ニシグチサトシ
アセンブリ言語,３年次,後期,1CCB18A0,ヒラヤママコト
アセンブリ言語,３年次,後期,1CCB18B0,ヒラオカカズタケ
コンピュータリテラシー,１年次,前期,1CCB26A0,ヤマウチケンジ
コンピュータリテラシー,１年次,前期,1CCB26B0,ヤマウチケンジ
データ構造とアルゴリズムⅡ,３年次,前期,1CCD03A0,ナカニシミチオ
メディアデータ論,２年次,後期,1CCD04A0,ハシモトワタル
システムプログラム,３年次,前期,1CCD05A0,ニシグチサトシ
アセンブリ言語,２年次,後期,1CCD10A0,ヒラヤママコト
アセンブリ言語,２年次,後期,1CCD10B0,ヒラオカカズタケ
コンピュータグラフィックスⅡ,３年次,後期,1CCE03A0,カワイノリヒコ
人間情報学,２年次,前期,1CCE04A0,フクシマタク
構造化文書処理,３年次,後期,1CCE05A0,ナイトウヒロシ
ヒューマンインタフェース,３年次,前期,1CCE06A0,コウダトモコ
画像情報処理Ⅱ,３年次,前期,1CCE08A0,サノムツオ
ＣＡＤ,３年次,後期,1CCE09A0,コボリケンイチ
感性情報処理,３年次,後期,1CCE12A0,コウダトモコ
映像技術演習,３年次,後期,1CCE13A0,ミヤワキケンザブロウ
色彩学,３年次,後期,1CCE14A0,ノグチサチコ
Webデザイン,３年次,前期,1CCE17A0,ヒラヤママコト
Webデザイン,３年次,前期,1CCE17B0,ヒラヤママコト
信号処理,２年次,後期,1CCF04A0,ジンノウタカオ
キャリアデザインⅠ,２年次,前期,1CCG02A0,フクシマタク
キャリアデザインⅡ,２年次,後期,1CCG03A0,タオカイクエ
コンピュータリテラシー,１年次,前期,1CCH02A0,ヤマウチケンジ
コンピュータリテラシー,１年次,前期,1CCH02B0,ヤマウチケンジ
メディアデータ論,１年次,後期,1CCL12A0,ハシモトワタル
人間情報学,２年次,前期,1CCL14A0,フクシマタク
ヒューマンインタフェース,３年次,前期,1CCL15A0,コウダトモコ
感性情報処理,２年次,後期,1CCL23A0,コウダトモコ
コンピュータグラフィックスⅡ,３年次,後期,1CCM05A0,カワイノリヒコ
構造化文書処理,３年次,後期,1CCM16A0,ナイトウヒロシ
画像情報処理Ⅱ,３年次,前期,1CCM25A0,サノムツオ
ＣＡＤ,３年次,後期,1CCM26A0,コボリケンイチ
音声情報処理,３年次,前期,1CCM27A0,スズキモトユキ
メディアインタフェース,３年次,後期,1CCM28A0,ハシモトワタル
Webデザイン,３年次,前期,1CCM29A0,ヒラヤママコト
Webデザイン,３年次,前期,1CCM29B0,ヒラヤママコト
アニメーション演習,１年次,前期,1CCN01A0,ミヤワキケンザブロウ
コンピュータ入門,１年次,前期,1DAB01A0,カシハラシゲル
情報通信ネットワーク,２年次,前期,1DAB02A0,シマノアキツグ
テクニカルライティング,１年次,後期,1DAB05A0,カシハラシゲル
テクニカルライティング,１年次,後期,1DAB05B0,タナベシンジ
計算機アーキテクチャ,２年次,前期,1DAB11A0,オオシマカズヨシ
オペレーティングシステム,２年次,後期,1DAB16A0,ニシグチサトシ
情報ネットワーク入門【前期前半】,１年次,前期（前半）,1DAB24A0,カシハラシゲル
情報技術者論,３年次,後期,1DAG14A0,コウダトモコ
Ｃ演習Ⅰ,１年次,後期,1DAH03A0,ミズタニヤスハル
情報ネットワーク専門演習,３年次,前期,1DAH08A0,カシハラシゲル
情報ゼミナール,３年次,後期,1DAK01A0,カマクラヨシナリ
情報技術者論,２年次,後期,1DAL27A0,コウダトモコ
Ｃ演習Ⅰ,１年次,後期,1DAN03A0,ミズタニヤスハル
情報ネットワーク基礎演習,２年次,後期,1DAN07A0,サカザワシゲユキ
情報ネットワーク専門演習,３年次,前期,1DAN08A0,ヤストメセイゴ
線形数学Ⅰ,１年次,前期,1DBA01A0,ヒラシマヨウイチ
線形数学Ⅰ,１年次,前期,1DBA01B0,オガタナオコ
線形数学Ⅰ,１年次,後期,1DBA01C0,オガタナオコ
微積分学Ⅰ,１年次,前期,1DBA03A0,ヒラシマヨウイチ
微積分学Ⅰ,１年次,前期,1DBA03B0,サイトウヨウスケ
微積分学Ⅰ,１年次,後期,1DBA03C0,サイトウヨウスケ
情報数学,２年次,後期,1DBA05A0,チサキショウコ
グラフ理論,２年次,前期,1DBA08A0,チサキショウコ
オートマトンと形式言語,３年次,前期,1DBB04A0,オザキアツオ
データ構造とアルゴリズムⅠ,２年次,前期,1DBB13A0,ニシグチサトシ
データベースシステム,２年次,後期,1DBB20A0,ミズタニヤスハル
ソフトウェア工学Ⅰ,２年次,後期,1DBB21A0,ヤストメセイゴ
通信理論,２年次,前期,1DBB25A0,ツカモトカツトシ
情報セキュリティの基礎,２年次,後期,1DBB31A0,フクザワヤスコ
プログラミング言語論,３年次,前期,1DBD09A0,ヌノムラヤスヒロ
ソフトウェア工学Ⅱ,３年次,前期,1DBD14A0,ヤマダタカアキ
ネットワークアプリケーション,３年次,後期,1DBF09A0,サカザワシゲユキ
ソフトウェア工学演習,３年次,前期,1DBH06A0,ヤストメセイゴ
ネットワーク設計,２年次,後期,1DBL19A0,ヤマウチユキジ
ネットワークアプリケーション,３年次,後期,1DBL26A0,サカザワシゲユキ
オートマトンと形式言語,３年次,前期,1DBM11A0,オザキアツオ
プログラミング言語論,３年次,前期,1DBM14A0,ヌノムラヤスヒロ
ソフトウェア工学Ⅱ,３年次,前期,1DBM15A0,ヤマダタカアキ
Ｃ演習Ⅱ,２年次,前期,1DBN04A0,ミズタニヤスハル
Java演習,２年次,後期,1DBN05A0,シマノアキツグ
ソフトウェア工学演習,３年次,前期,1DBN06A0,ヤストメセイゴ
線形数学Ⅱ,３年次,後期,1DCA02A0,カマクラヨシナリ
微積分学Ⅱ,３年次,後期,1DCA04A0,オガタナオコ
周波数解析,２年次,前期,1DCA06A0,カマクラヨシナリ
微分方程式,１年次,後期,1DCA07A0,シンカイヒサアキ
微分方程式,１年次,後期,1DCA07B0,オオシマカズヨシ
数理計画法,３年次,後期,1DCA09A0,シイハラマサツグ
プログラミング基礎,１年次,後期,1DCB03A0,ミズタニヤスハル
ディジタル回路,１年次,後期,1DCB07A0,ツカモトカツトシ
情報処理基礎,１年次,後期集中,1DCB08A0,ヤストメセイゴ
Ｕｎｉｘ入門【前期前半】,１年次,前期（前半）,1DCB19A0,シマノアキツグ
コンピュータリテラシー,１年次,前期,1DCB26A0,トヨウラヨシヒロ
コンピュータリテラシー,１年次,前期,1DCB26B0,トヨウラヨシヒロ
ディジタル信号処理,２年次,前期,1DCB28A0,オオシマカズヨシ
プログラミングリテラシー（入門）【前期後半】,１年次,前期（後半）,1DCB29A0,スギカワサトシ
プログラミングリテラシー（読解）【後期後半】,１年次,後期（後半）,1DCB30A0,スギカワサトシ
データ構造とアルゴリズムⅡ,３年次,前期,1DCD03A0,ヤストメセイゴ
システムプログラム,３年次,前期,1DCD05A0,ニシグチサトシ
Ｕｎｉｘ入門,１年次,前期,1DCD07A0,シマノアキツグ
構造化文書処理,３年次,後期,1DCE05A0,サカザワシゲユキ
ヒューマンインタフェース,３年次,前期,1DCE06A0,コウダトモコ
Webサイト制作,２年次,前期,1DCF03A0,ヤマウチユキジ
モバイルコミュニケーション,３年次,前期,1DCF05A0,ツカモトカツトシ
サーバ構築管理,３年次,後期,1DCF07A0,シマノアキツグ
光情報通信システム,３年次,後期,1DCF08A0,ツカモトカツトシ
メディア通信概論,４年次,後期,1DCF10A0,ツカモトカツトシ
アドバンスト　ネットワーキング,３年次,後期,1DCF11A0,シマノアキツグ
キャリアデザインⅠ,２年次,前期,1DCG02A0,オオシマカズヨシ
キャリアデザインⅡ,２年次,後期,1DCG03A0,クロカワナオヒコ
オペレーションズ・リサーチ,３年次,前期,1DCG04A0,シイハラマサツグ
モデリングとシミュレーション,３年次,後期,1DCG09A0,ヒラシマヨウイチ
コンピュータリテラシー,１年次,前期,1DCH02A0,トヨウラヨシヒロ
コンピュータリテラシー,１年次,前期,1DCH02B0,トヨウラヨシヒロ
Webサイト制作,３年次,前期,1DCL17A0,ヤマウチユキジ
モバイルコミュニケーション,３年次,前期,1DCL18A0,ツカモトカツトシ
サーバ構築管理,３年次,後期,1DCL25A0,シマノアキツグ
データ構造とアルゴリズムⅡ,３年次,前期,1DCM12A0,ヤストメセイゴ
システムプログラム,２年次,前期,1DCM13A0,ニシグチサトシ
ヒューマンインタフェース,３年次,前期,1DCM18A0,コウダトモコ
メディア通信概論,３年次,後期,1DCM19A0,ツカモトカツトシ
オペレーションズ・リサーチ,３年次,前期,1DCM20A0,シイハラマサツグ
モデリングとシミュレーション,３年次,後期,1DCM21A0,ヒラシマヨウイチ
ネットワーク・セキュリティ演習,３年次,後期,1DCN09A0,シマノアキツグ
コンピュータ入門,１年次,前期,1EAB01A0,マキノヒロシ
テクニカルライティング,１年次,後期,1EAB05B0,アラキヒデオ
ディジタル回路,１年次,後期,1EAB07A0,マキノヒロシ
組み込みシステム基礎,２年次,前期,1EAB23A0,コマツノブオ
計算機アーキテクチャ,２年次,前期,1EAL02A0,ナカニシチカコ
オペレーティングシステム,２年次,後期,1EAL07A0,ニシグチサトシ
Ｃ演習Ⅰ,１年次,後期,1EAN03A0,ミズタニヤスハル
情報科学演習Ⅰ,２年次,後期,1EAN07A0,マキノヒロシ
線形数学Ⅰ,１年次,前期,1EBA01A0,ヒラシマヨウイチ
線形数学Ⅰ,１年次,前期,1EBA01B0,オガタナオコ
線形数学Ⅰ,１年次,後期,1EBA01C0,オガタナオコ
微積分学Ⅰ,１年次,前期,1EBA03A0,シンカイヒサアキ
微積分学Ⅰ,１年次,後期,1EBA03C0,オガタナオコ
情報数学,２年次,後期,1EBA05A0,チサキショウコ
グラフ理論,２年次,前期,1EBA08A0,チサキショウコ
情報通信ネットワーク,２年次,前期,1EBB02A0,カシハラシゲル
データ構造とアルゴリズムⅠ,２年次,前期,1EBB13A0,コニシマサヒト
ソフトウェア工学Ⅰ,２年次,後期,1EBB21A0,オバナマサキ
データベースシステム,２年次,後期,1EBL09A0,フカミサトル
Ｃ演習Ⅱ,２年次,前期,1EBN04A0,ミズタニヤスハル
Java演習,２年次,後期,1EBN05A0,ヤストメセイゴ
周波数解析,２年次,前期,1ECA06A0,カマクラヨシナリ
微分方程式,１年次,後期,1ECA07A0,タイラヒロトシ
微分方程式,１年次,後期,1ECA07B0,オクノヒロツグ
プログラミング基礎,１年次,後期,1ECB03A0,ヌノムラヤスヒロ
情報処理基礎,１年次,後期集中,1ECB08A0,ヤストメセイゴ
プログラミング入門,１年次,前期,1ECB10A0,ナカニシチカコ
プログラミング入門,１年次,前期,1ECB10B0,ヌノムラヤスヒロ
コンピュータリテラシー,１年次,前期,1ECB26B0,ヒラオカカズタケ
インターフェース・センサ回路,２年次,前期,1ECL30A0,アラキヒデオ
コンピュータ入門,１年次,前期,1FAB01A0,カシハラシゲル
情報通信ネットワーク,２年次,前期,1FAB02A0,シマノアキツグ
テクニカルライティング,１年次,後期,1FAB05A0,タナベシンジ
テクニカルライティング,１年次,後期,1FAB05B0,タナベシンジ
計算機アーキテクチャ,２年次,前期,1FAB11A0,オオシマカズヨシ
ネットワークデザイン入門,１年次,前期（前半）,1FAB24A0,ツカモト　カツトシ
Ｃ演習Ⅰ,１年次,後期,1FAN03A0,ミズタニヤスハル
ネットワークデザイン基礎演習,２年次,後期,1FAN07A0,サカザワ　シゲユキ
線形数学Ⅰ,１年次,前期,1FBA01A0,ヒラシマヨウイチ
線形数学Ⅰ,１年次,前期,1FBA01B0,オガタナオコ
線形数学Ⅰ,１年次,後期,1FBA01C0,オガタナオコ
微積分学Ⅰ,１年次,前期,1FBA03A0,ヒラシマヨウイチ
微積分学Ⅰ,１年次,前期,1FBA03B0,サイトウヨウスケ
微積分学Ⅰ,１年次,後期,1FBA03C0,サイトウヨウスケ
情報数学,２年次,後期,1FBA05A0,チサキショウコ
グラフ理論,２年次,前期,1FBA08A0,チサキショウコ
データベースシステム,２年次,後期,1FBB20A0,ミズタニヤスハル
ソフトウェア工学Ⅰ,２年次,後期,1FBB21A0,ヤストメセイゴ
通信理論,２年次,前期,1FBB25A0,ツカモトカツトシ
情報セキュリティの基礎,２年次,後期,1FBB31A0,フクザワヤスコ
Ｃ演習Ⅱ,２年次,前期,1FBN04A0,ミズタニヤスハル
Java演習,２年次,後期,1FBN05A0,カシハラシゲル
微分方程式,１年次,後期,1FCA07A0,シンカイヒサアキ
微分方程式,１年次,後期,1FCA07B0,オオシマカズヨシ
ディジタル回路,１年次,後期,1FCB07A0,ツカモトカツトシ
情報処理基礎,１年次,後期集中,1FCB08A0,ヤストメセイゴ
Ｕｎｉｘ入門【前期前半】,１年次,前期（前半）,1FCB19A0,シマノアキツグ
コンピュータリテラシー,１年次,前期,1FCB26A0,トヨウラヨシヒロ
コンピュータリテラシー,１年次,前期,1FCB26B0,トヨウラヨシヒロ
ディジタル信号処理,２年次,前期,1FCB28A0,オオシマカズヨシ
プログラミングリテラシー（入門）【前期後半】,１年次,前期（後半）,1FCB29A0,スギカワサトシ
プログラミングリテラシー（読解）【後期後半】,１年次,後期（後半）,1FCB30A0,スギカワサトシ
哲学基礎,２年次,前期,B0B002A0,アメミヤトオル
哲学基礎,２年次,前期,B0B002B0,アメミヤトオル
情報社会論,２年次,後期,B0B005A0,イケダトモカ
情報社会論,２年次,後期,B0B005B0,イケダトモカ
応用倫理学,２年次,後期,B0B010A0,アメミヤトオル
応用倫理学,２年次,後期,B0B010B0,アメミヤトオル
人類の歴史,１年次,後期,B0B012A0,オオムラタクオ
人類の歴史,１年次,後期,B0B012B0,オオムラタクオ
人類の歴史,１年次,後期,B0B012C0,オオムラタクオ
文学基礎,２年次,前期,B0B014A0,ヨコヤマエリ
文学基礎,２年次,前期,B0B014B0,ヨコヤマエリ
文学基礎,２年次,後期,B0B014C0,ヨコヤマエリ
文学基礎,２年次,後期,B0B014D0,ヨコヤマエリ
情報法学,３年次,前期,B0B019A0,イエモトマミ
情報法学,３年次,前期,B0B019B0,イエモトマミ
経済学基礎,２年次,前期,B0B020A0,セノムツミ
経済学基礎,２年次,前期,B0B020B0,セノムツミ
経済学基礎,２年次,後期,B0B020C0,セノムツミ
社会学基礎,２年次,前期,B0C004A0,イケダトモカ
社会学基礎,２年次,前期,B0C004B0,イケダトモカ
倫理学基礎,１年次,前期,B0C007A0,アメミヤトオル
倫理学基礎,１年次,前期,B0C007B0,アメミヤトオル
倫理学基礎,１年次,後期,B0C007C0,アメミヤトオル
倫理学基礎,１年次,後期,B0C007D0,アメミヤトオル
日本の歴史,２年次,前期,B0C011A0,オオムラタクオ
日本の歴史,２年次,前期,B0C011B0,オオムラタクオ
日本の歴史,２年次,前期,B0C011C0,オオムラタクオ
観る文学,２年次,前期,B0C015A0,ヨコヤマエリ
観る文学,２年次,後期,B0C015C0,ヨコヤマエリ
言語学基礎,１年次,前期,B0C016A0,ヨコヤマエリ
言語学基礎,１年次,前期,B0C016B0,ヨコヤマエリ
言語学基礎,１年次,後期,B0C016C0,ヨコヤマエリ
言語学基礎,１年次,後期,B0C016D0,ヨコヤマエリ
日本国憲法,２年次,前期,B0C017A0,ゲンテツヒロ
日本国憲法,２年次,前期,B0C017B0,ゲンテツヒロ
法学基礎,２年次,後期,B0C018A0,ゲンテツヒロ
法学基礎,２年次,後期,B0C018B0,ゲンテツヒロ
現代経済論,２年次,後期,B0C021A0,セノムツミ
心理学基礎,２年次,前期,B0C022A0,ヤギシゲカズ
心理学基礎,２年次,前期,B0C022B0,ヤギシゲカズ
心理学基礎,２年次,後期,B0C022C0,ヤギシゲカズ
心理学基礎,２年次,後期,B0C022D0,ヤギシゲカズ
英語表現（ｂａｓｉｃ１）ａ,１年次,前期,B1C001A0,キクチユキ
英語表現（ｂａｓｉｃ１）ａ,１年次,前期,B1C001B0,クロカワナオヒコ
英語表現（ｂａｓｉｃ１）ａ,１年次,前期,B1C001C0,タオカイクエ
英語表現（ｂａｓｉｃ１）ａ,１年次,前期,B1C001D0,キクチユキ
英語表現（ｂａｓｉｃ１）ａ,１年次,前期,B1C001E0,クロカワナオヒコ
英語表現（ｂａｓｉｃ１）ａ,１年次,前期,B1C001F0,タオカイクエ
英語表現（ｂａｓｉｃ１）ａ,１年次,前期,B1C001G0,シンジョウダニヨウコ
英語表現（ｂａｓｉｃ１）ａ,１年次,前期,B1C001H0,クロカワナオヒコ
英語表現（ｂａｓｉｃ１）ａ,１年次,前期,B1C001I0,タオカイクエ
英語表現（ｂａｓｉｃ１）ａ,１年次,前期,B1C001J0,シンジョウダニヨウコ
英語表現（ｂａｓｉｃ１）ａ,１年次,前期,B1C001K0,クロカワナオヒコ
英語表現（ｂａｓｉｃ１）ａ,１年次,前期,B1C001L0,タオカイクエ
英語表現（ｂａｓｉｃ１）ｂ,１年次,後期,B1C002A0,キクチユキ
英語表現（ｂａｓｉｃ１）ｂ,１年次,後期,B1C002B0,クロカワナオヒコ
英語表現（ｂａｓｉｃ１）ｂ,１年次,後期,B1C002C0,タオカイクエ
英語表現（ｂａｓｉｃ１）ｂ,１年次,後期,B1C002D0,キクチユキ
英語表現（ｂａｓｉｃ１）ｂ,１年次,後期,B1C002E0,クロカワナオヒコ
英語表現（ｂａｓｉｃ１）ｂ,１年次,後期,B1C002F0,タオカイクエ
英語表現（ｂａｓｉｃ１）ｂ,１年次,後期,B1C002G0,シンジョウダニヨウコ
英語表現（ｂａｓｉｃ１）ｂ,１年次,後期,B1C002H0,クロカワナオヒコ
英語表現（ｂａｓｉｃ１）ｂ,１年次,後期,B1C002I0,タオカイクエ
英語表現（ｂａｓｉｃ１）ｂ,１年次,後期,B1C002J0,シンジョウダニヨウコ
英語表現（ｂａｓｉｃ１）ｂ,１年次,後期,B1C002K0,クロカワナオヒコ
英語表現（ｂａｓｉｃ１）ｂ,１年次,後期,B1C002L0,タオカイクエ
英語の語法,３年次,前期,B1C003A0,フルヒナオキ
英語の語法,３年次,前期,B1C003B0,フルヒナオキ
英語の語法,３年次,前期,B1C003C0,シマダヒロユキ
英語の語法,３年次,前期,B1C003D0,ナカムラハナエ
英語の語法,３年次,前期,B1C003E0,ナカムラハナエ
英語の語法,３年次,前期,B1C003F0,シマダヒロユキ
英語の語法,３年次,後期,B1C003I0,フルヒナオキ
口語英語Ⅰａ,１年次,前期,B1C004A0,アンドリューメロウ
口語英語Ⅰａ,１年次,前期,B1C004B0,エルズベスヘロン
口語英語Ⅰａ,１年次,前期,B1C004C0,ガブリエルポーラス
口語英語Ⅰａ,１年次,前期,B1C004D0,ウェンディチェン
口語英語Ⅰａ,１年次,前期,B1C004E0,アンドリューメロウ
口語英語Ⅰａ,１年次,前期,B1C004F0,エルズベスヘロン
口語英語Ⅰａ,１年次,前期,B1C004G0,ガブリエルポーラス
口語英語Ⅰａ,１年次,前期,B1C004H0,ウェンディチェン
口語英語Ⅰａ,１年次,前期,B1C004I0,アンドリューメロウ
口語英語Ⅰａ,１年次,前期,B1C004J0,ウェンディチェン
口語英語Ⅰａ,１年次,前期,B1C004K0,ロバートウォレス
口語英語Ⅰａ,１年次,前期,B1C004L0,タローヘイス
口語英語Ⅰａ,１年次,前期,B1C004M0,アンドリューメロウ
口語英語Ⅰａ,１年次,前期,B1C004N0,ウェンディチェン
口語英語Ⅰａ,１年次,前期,B1C004P0,ロバートウォレス
口語英語Ⅰａ,１年次,前期,B1C004Q0,タローヘイス
口語英語Ⅰｂ,１年次,後期,B1C005A0,アンドリューメロウ
口語英語Ⅰｂ,１年次,後期,B1C005B0,エルズベスヘロン
口語英語Ⅰｂ,１年次,後期,B1C005C0,ガブリエルポーラス
口語英語Ⅰｂ,１年次,後期,B1C005D0,ウェンディチェン
口語英語Ⅰｂ,１年次,後期,B1C005E0,アンドリューメロウ
口語英語Ⅰｂ,１年次,後期,B1C005F0,エルズベスヘロン
口語英語Ⅰｂ,１年次,後期,B1C005G0,ガブリエルポーラス
口語英語Ⅰｂ,１年次,後期,B1C005H0,ウェンディチェン
口語英語Ⅰｂ,１年次,後期,B1C005I0,アンドリューメロウ
口語英語Ⅰｂ,１年次,後期,B1C005J0,ウェンディチェン
口語英語Ⅰｂ,１年次,後期,B1C005K0,ロバートウォレス
口語英語Ⅰｂ,１年次,後期,B1C005L0,タローヘイス
口語英語Ⅰｂ,１年次,後期,B1C005M0,アンドリューメロウ
口語英語Ⅰｂ,１年次,後期,B1C005N0,ウェンディチェン
口語英語Ⅰｂ,１年次,後期,B1C005P0,ロバートウォレス
口語英語Ⅰｂ,１年次,後期,B1C005Q0,タローヘイス
英語による情報技術Ⅱ,３年次,前期,B1C006A0,ヒラヤママコト
英語による情報技術Ⅱ,３年次,前期,B1C006B0,ヤノコウジロウ
英語による情報技術Ⅱ,３年次,前期,B1C006C0,クボタシンジ
英語による情報技術Ⅱ,３年次,前期,B1C006D0,クボタシンジ
英語による情報技術Ⅱ,３年次,後期,B1C006E0,クボタシンジ
英語による情報技術Ⅱ,３年次,後期,B1C006F0,クボタシンジ
英語表現（ｂａｓｉｃ２）ａ,２年次,前期,B1C007A0,シマダヒロユキ
英語表現（ｂａｓｉｃ２）ａ,２年次,前期,B1C007B0,フルヒナオキ
英語表現（ｂａｓｉｃ２）ａ,２年次,前期,B1C007D0,シマダヒロユキ
英語表現（ｂａｓｉｃ２）ａ,２年次,前期,B1C007E0,タオカイクエ
英語表現（ｂａｓｉｃ２）ａ,２年次,前期,B1C007F0,フルヒナオキ
英語表現（ｂａｓｉｃ２）ａ,２年次,前期,B1C007G0,フルヒナオキ
英語表現（ｂａｓｉｃ２）ａ,２年次,前期,B1C007H0,クロカワナオヒコ
英語表現（ｂａｓｉｃ２）ｂ,２年次,後期,B1C008A0,シマダヒロユキ
英語表現（ｂａｓｉｃ２）ｂ,２年次,後期,B1C008B0,フルヒナオキ
英語表現（ｂａｓｉｃ２）ｂ,２年次,後期,B1C008C0,フルヒナオキ
英語表現（ｂａｓｉｃ２）ｂ,２年次,後期,B1C008D0,シマダヒロユキ
英語表現（ｂａｓｉｃ２）ｂ,２年次,後期,B1C008E0,タオカイクエ
英語表現（ｂａｓｉｃ２）ｂ,２年次,後期,B1C008F0,フルヒナオキ
英語表現（ｂａｓｉｃ２）ｂ,２年次,後期,B1C008G0,フルヒナオキ
英語表現（ｂａｓｉｃ２）ｂ,２年次,後期,B1C008H0,クロカワナオヒコ
口語英語Ⅱａ,２年次,前期,B1C009B0,ガブリエルポーラス
口語英語Ⅱａ,２年次,前期,B1C009C0,アンドリューメロウ
口語英語Ⅱａ,２年次,前期,B1C009D0,アンドリューメロウ
口語英語Ⅱｂ,２年次,後期,B1C010B0,ガブリエルポーラス
口語英語Ⅱｂ,２年次,後期,B1C010C0,アンドリューメロウ
口語英語Ⅱｂ,２年次,後期,B1C010D0,アンドリューメロウ
英語による情報技術Ⅰａ,２年次,前期,B1C011A0,ヒラヤママコト
英語による情報技術Ⅰｂ,２年次,後期,B1C012A0,ヒラヤママコト
日本語Ⅰ,１年次,前期,B1C014A0,ハラダカヨコ
日本語Ⅱ,１年次,後期,B1C015B0,ハラダカヨコ
英語演習,３年次,後期,B1C016A0,アンドリューメロウ
基礎スポーツ科学ａ,１年次,前期,B2C001A0,イノウエユミコ
基礎スポーツ科学ａ,１年次,前期,B2C001B0,モチヅキチカユキ
基礎スポーツ科学ａ,１年次,前期,B2C001C0,イノウエユミコ
基礎スポーツ科学ａ,１年次,前期,B2C001D0,モチヅキチカユキ
基礎スポーツ科学ａ,１年次,前期,B2C001E0,ツミヤマタカツネ
基礎スポーツ科学ａ,１年次,前期,B2C001G0,ツミヤマタカツネ
基礎スポーツ科学ａ,１年次,前期,B2C001H0,イノウエユミコ
基礎スポーツ科学ａ,１年次,前期,B2C001I0,ツミヤマタカツネ
基礎スポーツ科学ａ,１年次,前期,B2C001J0,イノウエユミコ
基礎スポーツ科学ａ,１年次,前期,B2C001K0,ツミヤマタカツネ
基礎スポーツ科学ａ,１年次,前期,B2C001L0,イノウエユミコ
基礎スポーツ科学ａ,１年次,前期,B2C001M0,モチヅキチカユキ
基礎スポーツ科学ａ,１年次,前期,B2C001N0,ヒライヒロシ
基礎スポーツ科学ａ,１年次,前期,B2C001P0,モチヅキチカユキ
基礎スポーツ科学ａ,１年次,前期,B2C001Q0,ヒライヒロシ
基礎スポーツ科学ｂ,２年次,後期,B2C002A0,イノウエユミコ
基礎スポーツ科学ｂ,２年次,後期,B2C002B0,モチヅキチカユキ
基礎スポーツ科学ｂ,２年次,後期,B2C002C0,ツミヤマタカツネ
基礎スポーツ科学ｂ,２年次,後期,B2C002D0,モチヅキチカユキ
基礎スポーツ科学ｂ,２年次,後期,B2C002E0,ツミヤマタカツネ
基礎スポーツ科学ｂ,２年次,後期,B2C002F0,モチヅキチカユキ
基礎スポーツ科学ｂ,２年次,後期,B2C002G0,ツミヤマタカツネ
基礎スポーツ科学ｂ,２年次,後期,B2C002H0,イノウエユミコ
基礎スポーツ科学ｂ,２年次,後期,B2C002I0,イノウエユミコ
基礎スポーツ科学ｂ,２年次,後期,B2C002J0,ヒライヒロシ
基礎スポーツ科学ｂ,２年次,後期,B2C002K0,ツミヤマタカツネ
基礎スポーツ科学ｂ,２年次,後期,B2C002L0,モチヅキチカユキ
基礎スポーツ科学ｂ,２年次,後期,B2C002M0,イノウエユミコ
基礎スポーツ科学ｂ,２年次,後期,B2C002N0,ヒライヒロシ
基礎スポーツ科学ｂ,２年次,後期,B2C002P0,ツミヤマタカツネ
基礎スポーツ科学ｂ,２年次,後期,B2C002Q0,モチヅキチカユキ
スポーツ科学実習,３年次,前期,B2C004A0,イノウエユミコ
物理学基礎,１年次,前期,B3B003A0,フジイケンイチ
物理学基礎,１年次,前期,B3B003B0,フジイケンイチ
物理学基礎,１年次,前期,B3B003C0,フジイケンイチ
物理学基礎,１年次,前期,B3B003D0,フジイケンイチ
現代物理学入門,２年次,後期,B3B007A0,フジヒロユキ
現代物理学入門,２年次,後期,B3B007B0,フジヒロユキ
地球環境,１年次,後期,B3B014A0,キムヘンユン
地球環境,１年次,後期,B3B014B0,キムヘンユン
地球環境,１年次,後期,B3B014C0,キムヘンユン
情報生命科学,１年次,後期,B3B017A0,ヤノコウジロウ
情報生命科学,１年次,後期,B3B017B0,ヤノコウジロウ
情報生命科学,１年次,後期,B3B017C0,ヤノコウジロウ
物理現象の数理,２年次,前期,B3C004A0,フジヒロユキ
物理現象の数理,２年次,前期,B3C004B0,フジヒロユキ
力学,１年次,前期,B3C005A0,フジヒロユキ
力学,１年次,前期,B3C005B0,フジヒロユキ
力学,１年次,前期,B3C005C0,フジヒロユキ
力学,１年次,前期,B3C005D0,フジヒロユキ
電磁気学,１年次,後期,B3C006A0,フジイケンイチ
電磁気学,１年次,後期,B3C006B0,フジイケンイチ
電磁気学,１年次,後期,B3C006C0,フジイケンイチ
電磁気学,１年次,後期,B3C006D0,フジイケンイチ
化学基礎,１年次,前期,B3C009A0,タナカリュウイチロウ
化学基礎,１年次,前期,B3C009B0,タナカリュウイチロウ
環境情報科学,１年次,前期,B3C010A0,カクタニヒデキ
環境情報科学,１年次,後期,B3C010B0,カクタニヒデキ
環境情報科学,１年次,後期,B3C010C0,カクタニヒデキ
地球科学基礎,１年次,前期,B3C012A0,キムヘンユン
地球科学基礎,１年次,前期,B3C012B0,キムヘンユン
地球科学基礎,１年次,前期,B3C012C0,キムヘンユン
地球科学基礎,１年次,前期,B3C012D0,キムヘンユン
生命科学基礎,１年次,前期,B3C015B0,ヤノコウジロウ
生命科学基礎,１年次,前期,B3C015C0,ヤノコウジロウ
視る自然科学,２年次,後期,B3C018A0,フジイケンイチ
基礎ゼミナール,１年次,前期,B4C001A0,イガキヒロシ
基礎ゼミナール,１年次,前期,B4C001J0,ヤマダタカアキ
キャリアステップ（IC科）,１年次,後期,B4C002A0,フジイケンイチ
キャリアステップ（IS科）,１年次,後期,B4C002B0,スナガヒロシ
キャリアステップ（IM科）,１年次,後期,B4C002C0,コボリケンイチ
キャリアステップ（IN科）,１年次,後期,B4C002D0,ミテイ
キャリアデザインⅠ（IC科）,２年次,前期,B4C003A0,フジイケンイチ
キャリアデザインⅠ（IS科）,２年次,前期,B4C003B0,ヤマダタカアキ
キャリアデザインⅠ（IM科）,２年次,前期,B4C003C0,フクシマタク
キャリアデザインⅠ（IN科）,２年次,前期,B4C003D0,オオシマカズヨシ
キャリアデザインⅡ（IC科）,２年次,後期,B4C004A0,タオカイクエ
キャリアデザインⅡ（IS科）,２年次,後期,B4C004B0,クロカワナオヒコ
キャリアデザインⅡ（IM科）,２年次,後期,B4C004C0,タオカイクエ
教職入門,１年次,後期,BTD001A1,ヒキダヨシト
教育原論,２年次,前期,BTD002A1,ヒキダヨシト
教育心理学,１年次,後期,BTD003A1,サカイケイコ
教育行政,２年次,前期,BTD004A1,ヒキダヨシト
数学科教育法ａ,２年次,後期,BTD005A1,キタヒデカズ
数学科教育法ｂ,３年次,前期,BTD006A1,キタヒデカズ
数学科教育法ｃ,３年次,後期,BTD007A1,キタヒデカズ
情報科教育法ａ,３年次,前期,BTD009A1,オオイショウ
情報科教育法ｂ,３年次,集中,BTD010A1,オオイショウ
道徳教育の研究,２年次,前期,BTD011A1,サワダトシヤ
教育課程論,２年次,前期,BTD012A1,サワダトシヤ
教育方法論,２年次,後期,BTD013A1,キタヒデカズ
生徒指導論,２年次,後期,BTD014A1,エビタヒロユキ
中学校教育実習,４年次,集中,BTD016A1,ヒキダヨシト
高等学校教育実習,４年次,集中,BTD017A1,ヒキダヨシト
教職実践演習,４年次,後期,BTD018A1,ヒキダヨシト
福祉教育概論,３年次,集中,BTD019A1,サカイケイコ
道徳教育,２年次,前期,BTD020A1,サワダトシヤ
教育相談,３年次,前期,BTD021A1,サカイケイコ
特別活動・総合的な学習の時間の指導法,２年次,後期,BTD023A1,サワダトシヤ
特別支援教育,２年次,後期,BTD024A1,ヤノタダシ
